-- --------------------------------------------------------
-- Host:                         localhost
-- Server version:               10.1.34-MariaDB - mariadb.org binary distribution
-- Server OS:                    Win32
-- HeidiSQL Version:             10.2.0.5599
-- --------------------------------------------------------

/*!40101 SET @OLD_CHARACTER_SET_CLIENT=@@CHARACTER_SET_CLIENT */;
/*!40101 SET NAMES utf8 */;
/*!50503 SET NAMES utf8mb4 */;
/*!40014 SET @OLD_FOREIGN_KEY_CHECKS=@@FOREIGN_KEY_CHECKS, FOREIGN_KEY_CHECKS=0 */;
/*!40101 SET @OLD_SQL_MODE=@@SQL_MODE, SQL_MODE='NO_AUTO_VALUE_ON_ZERO' */;


-- Dumping database structure for monta
DROP DATABASE IF EXISTS `monta`;
CREATE DATABASE IF NOT EXISTS `monta` /*!40100 DEFAULT CHARACTER SET utf8mb4 COLLATE utf8mb4_unicode_ci */;
USE `monta`;

-- Dumping structure for table monta.asistensi
DROP TABLE IF EXISTS `asistensi`;
CREATE TABLE IF NOT EXISTS `asistensi` (
  `id_asistensi` int(11) NOT NULL AUTO_INCREMENT,
  `id_ta` int(11) NOT NULL,
  `id_dosen` int(11) DEFAULT NULL,
  `tanggal` date DEFAULT NULL,
  `materi` varchar(50) COLLATE utf8mb4_unicode_ci DEFAULT NULL,
  `disetujui` int(11) DEFAULT NULL,
  `created_at` timestamp NULL DEFAULT NULL,
  `updated_at` timestamp NULL DEFAULT NULL,
  PRIMARY KEY (`id_asistensi`),
  KEY `id_ta` (`id_ta`),
  KEY `id_dosen` (`id_dosen`)
) ENGINE=InnoDB AUTO_INCREMENT=2 DEFAULT CHARSET=utf8mb4 COLLATE=utf8mb4_unicode_ci;

-- Dumping data for table monta.asistensi: ~0 rows (approximately)
DELETE FROM `asistensi`;
/*!40000 ALTER TABLE `asistensi` DISABLE KEYS */;
INSERT INTO `asistensi` (`id_asistensi`, `id_ta`, `id_dosen`, `tanggal`, `materi`, `disetujui`, `created_at`, `updated_at`) VALUES
	(1, 125, 94, '2019-07-11', 'Cara Mengajukan Asistensi', 1, '2019-07-11 10:56:05', '2019-07-11 11:23:53');
/*!40000 ALTER TABLE `asistensi` ENABLE KEYS */;

-- Dumping structure for table monta.berita
DROP TABLE IF EXISTS `berita`;
CREATE TABLE IF NOT EXISTS `berita` (
  `id_berita` int(11) NOT NULL AUTO_INCREMENT,
  `id_user` int(11) DEFAULT NULL,
  `judul_berita` varchar(200) COLLATE utf8mb4_unicode_ci DEFAULT NULL,
  `isi_berita` text COLLATE utf8mb4_unicode_ci,
  `file` varchar(200) COLLATE utf8mb4_unicode_ci DEFAULT NULL,
  `created_at` timestamp NULL DEFAULT NULL,
  `updated_at` timestamp NULL DEFAULT NULL,
  PRIMARY KEY (`id_berita`),
  KEY `id_user` (`id_user`)
) ENGINE=InnoDB AUTO_INCREMENT=9 DEFAULT CHARSET=utf8mb4 COLLATE=utf8mb4_unicode_ci;

-- Dumping data for table monta.berita: ~0 rows (approximately)
DELETE FROM `berita`;
/*!40000 ALTER TABLE `berita` DISABLE KEYS */;
INSERT INTO `berita` (`id_berita`, `id_user`, `judul_berita`, `isi_berita`, `file`, `created_at`, `updated_at`) VALUES
	(8, 1, 'Pendaftaran Seminar dan Sidang Tugas Akhir', '<p>Dibuka mulai tanggal 8 Juli 2019</p>', NULL, '2019-07-09 16:41:59', '2019-07-09 16:41:59');
/*!40000 ALTER TABLE `berita` ENABLE KEYS */;

-- Dumping structure for table monta.bidang_dosen
DROP TABLE IF EXISTS `bidang_dosen`;
CREATE TABLE IF NOT EXISTS `bidang_dosen` (
  `id_bidang_dosen` int(11) NOT NULL AUTO_INCREMENT,
  `id_dosen` int(11) DEFAULT NULL,
  `id_bidang_mk` int(11) DEFAULT NULL,
  PRIMARY KEY (`id_bidang_dosen`)
) ENGINE=InnoDB AUTO_INCREMENT=2 DEFAULT CHARSET=utf8mb4 COLLATE=utf8mb4_unicode_ci;

-- Dumping data for table monta.bidang_dosen: ~0 rows (approximately)
DELETE FROM `bidang_dosen`;
/*!40000 ALTER TABLE `bidang_dosen` DISABLE KEYS */;
INSERT INTO `bidang_dosen` (`id_bidang_dosen`, `id_dosen`, `id_bidang_mk`) VALUES
	(1, 98, 3);
/*!40000 ALTER TABLE `bidang_dosen` ENABLE KEYS */;

-- Dumping structure for table monta.bidang_mk
DROP TABLE IF EXISTS `bidang_mk`;
CREATE TABLE IF NOT EXISTS `bidang_mk` (
  `id_bidang_mk` int(11) NOT NULL AUTO_INCREMENT,
  `nama_bidang` varchar(50) COLLATE utf8mb4_unicode_ci DEFAULT NULL,
  PRIMARY KEY (`id_bidang_mk`)
) ENGINE=InnoDB AUTO_INCREMENT=5 DEFAULT CHARSET=utf8mb4 COLLATE=utf8mb4_unicode_ci;

-- Dumping data for table monta.bidang_mk: ~4 rows (approximately)
DELETE FROM `bidang_mk`;
/*!40000 ALTER TABLE `bidang_mk` DISABLE KEYS */;
INSERT INTO `bidang_mk` (`id_bidang_mk`, `nama_bidang`) VALUES
	(1, 'Korosi dan Kegagalan (KK)'),
	(2, 'Metalurgi Manufaktur (MM)'),
	(3, 'Material Inovatif (MI)'),
	(4, 'Metalurgi Ekstraksi (ME)');
/*!40000 ALTER TABLE `bidang_mk` ENABLE KEYS */;

-- Dumping structure for table monta.dosen
DROP TABLE IF EXISTS `dosen`;
CREATE TABLE IF NOT EXISTS `dosen` (
  `id_dosen` int(11) NOT NULL AUTO_INCREMENT,
  `id_user` int(11) DEFAULT NULL,
  `id_bidang_mk` int(11) DEFAULT NULL,
  `nip` varchar(20) COLLATE utf8mb4_unicode_ci DEFAULT NULL,
  `nama` varchar(40) COLLATE utf8mb4_unicode_ci DEFAULT NULL,
  `nama_lengkap` varchar(60) COLLATE utf8mb4_unicode_ci DEFAULT NULL,
  `pembimbing1` int(11) DEFAULT NULL,
  PRIMARY KEY (`id_dosen`),
  KEY `id_user` (`id_user`)
) ENGINE=InnoDB AUTO_INCREMENT=120 DEFAULT CHARSET=utf8mb4 COLLATE=utf8mb4_unicode_ci;

-- Dumping data for table monta.dosen: ~25 rows (approximately)
DELETE FROM `dosen`;
/*!40000 ALTER TABLE `dosen` DISABLE KEYS */;
INSERT INTO `dosen` (`id_dosen`, `id_user`, `id_bidang_mk`, `nip`, `nama`, `nama_lengkap`, `pembimbing1`) VALUES
	(94, 978, NULL, '196203261987011001', 'Prof. Dr. Ir. Sulistijono, DEA', 'Prof. Dr. Ir. Sulistijono, DEA', 1),
	(95, 979, NULL, '195709241986031002', 'Ir. Moh. Farid, DEA', 'Ir. Moh. Farid, DEA', 1),
	(96, 980, NULL, '195809101986031002', 'Ir. Rochman Rochiem, M.Sc', 'Ir. Rochman Rochiem, M.Sc', 1),
	(97, 981, NULL, '196809302000031001', 'Dr. Sungging Pintowantoro, ST. MT', 'Dr. Sungging Pintowantoro, ST. MT', 1),
	(98, 982, NULL, '197701162003122007', 'Dr. Diah Susanti, ST. MT', 'Dr. Diah Susanti, ST. MT', 1),
	(99, 983, NULL, '197801132002121003', 'Dr. Sigit Tri Wicaksono, S.Si, M.Si', 'Dr. Sigit Tri Wicaksono, S.Si, M.Si', 1),
	(100, 984, NULL, '197605282002121003', 'Dr. Agung Purniawan, ST, M.Eng', 'Dr. Agung Purniawan, ST, M.Eng', 1),
	(101, 985, NULL, '197604102002121002', 'Budi Agung Kurniawan, ST, MSc', 'Budi Agung Kurniawan, ST, MSc', 1),
	(102, 986, NULL, '197703132003121001', 'Dr. Lukman Noerochiem, ST, MSc.Eng', 'Dr. Lukman Noerochiem, ST, MSc.Eng', 1),
	(103, 987, NULL, '197610272003121001', 'Mas Irfan P. Hidayat, ST., M.Sc., Ph.D', 'Mas Irfan P. Hidayat, ST., M.Sc., Ph.D', 1),
	(105, 989, NULL, '198012072005011004', 'Dr. Eng. Hosta Ardhyananta, ST, M.Sc', 'Dr. Eng. Hosta Ardhyananta, ST, M.Sc', 1),
	(106, 990, NULL, '197906202006042001', 'Dr. Widyastuti, S.Si, M.Si', 'Dr. Widyastuti, S.Si, M.Si', 1),
	(107, 991, NULL, '198205262012121002', 'Tubagus Noor R. ST., M.Sc', 'Tubagus Noor R. ST., M.Sc', 1),
	(108, 992, NULL, '198303252014041001', 'Wikan Jatimurti, ST. M.Sc', 'Wikan Jatimurti, ST. M.Sc', 1),
	(109, 993, NULL, '198405152014042003', 'Dian Mughni F, ST. M.Sc', 'Dian Mughni F, ST. M.Sc', 1),
	(110, 994, NULL, '199007262015041002', 'Haniffudin Nurdiansah, ST., MT', 'Haniffudin Nurdiansah, ST., MT', 0),
	(111, 995, NULL, '199102172015041002', 'Fakhreza Abdul, ST., MT', 'Fakhreza Abdul, ST., MT', 0),
	(112, 996, NULL, '199106092015041001', 'Alvian Toto Wibisono, ST., MT', 'Alvian Toto Wibisono, ST., MT', 0),
	(113, 997, NULL, '198805012019031008', 'Mavindra Ramadhani, ST, MT', 'Mavindra Ramadhani, ST, MT', 0),
	(114, 999, NULL, '198707072018032001', 'Amaliya Rasyida, S.T., M.Sc', 'Amaliya Rasyida, S.T., M.Sc', 0),
	(115, 1001, NULL, '194707171978031001', 'Ir. Muchtar Karokaro, MSc', 'Ir. Muchtar Karokaro, MSc', 0),
	(116, 1002, NULL, '194712111974121001', 'Ir. Sadino, MT', 'Ir. Sadino, MT', 0),
	(117, 1003, NULL, '000000000130532034', 'Ir. Wahid Suherman', 'Ir. Wahid Suherman', 0),
	(118, 1004, NULL, '197907242005012003', 'Yuli Setiyorini, ST, M.Phil, Ph.D', 'Yuli Setiyorini, ST, M.Phil, Ph.D', 0),
	(119, 1005, NULL, '000001989201812021', 'Vania Mitha Pratiwi, ST, MT', 'Vania Mitha Pratiwi, ST, MT', 0);
/*!40000 ALTER TABLE `dosen` ENABLE KEYS */;

-- Dumping structure for table monta.dosen_pembimbing
DROP TABLE IF EXISTS `dosen_pembimbing`;
CREATE TABLE IF NOT EXISTS `dosen_pembimbing` (
  `id_dosen_pembimbing` int(11) NOT NULL AUTO_INCREMENT,
  `id_dosen` int(11) DEFAULT NULL,
  `id_ta` int(11) DEFAULT NULL,
  `peran` int(11) DEFAULT NULL,
  `status` int(11) DEFAULT NULL,
  `created_at` timestamp NULL DEFAULT NULL,
  `updated_at` timestamp NULL DEFAULT NULL,
  PRIMARY KEY (`id_dosen_pembimbing`),
  KEY `id_dosen` (`id_dosen`),
  KEY `id_ta` (`id_ta`)
) ENGINE=InnoDB AUTO_INCREMENT=358 DEFAULT CHARSET=utf8mb4 COLLATE=utf8mb4_unicode_ci;

-- Dumping data for table monta.dosen_pembimbing: ~137 rows (approximately)
DELETE FROM `dosen_pembimbing`;
/*!40000 ALTER TABLE `dosen_pembimbing` DISABLE KEYS */;
INSERT INTO `dosen_pembimbing` (`id_dosen_pembimbing`, `id_dosen`, `id_ta`, `peran`, `status`, `created_at`, `updated_at`) VALUES
	(221, 100, 110, 1, 0, '2019-07-09 16:26:48', '2019-07-09 16:26:48'),
	(222, 98, 110, 2, 0, '2019-07-09 16:26:48', '2019-07-09 16:26:48'),
	(223, 109, 111, 1, 1, '2019-07-09 16:32:45', '2019-07-09 20:08:35'),
	(224, 112, 111, 2, 0, '2019-07-09 16:32:45', '2019-07-09 16:32:45'),
	(225, 97, 112, 1, 0, '2019-07-09 16:35:59', '2019-07-09 16:35:59'),
	(226, 111, 112, 2, 0, '2019-07-09 16:35:59', '2019-07-09 16:35:59'),
	(227, 100, 113, 1, 0, '2019-07-09 16:38:08', '2019-07-09 16:38:08'),
	(228, 114, 113, 2, 0, '2019-07-09 16:38:08', '2019-07-09 16:38:08'),
	(229, 96, 114, 1, 0, '2019-07-09 16:51:54', '2019-07-09 16:51:54'),
	(230, 112, 114, 2, 0, '2019-07-09 16:51:54', '2019-07-09 16:51:54'),
	(231, 96, 115, 1, 0, '2019-07-09 17:02:53', '2019-07-09 17:02:53'),
	(232, 112, 115, 2, 0, '2019-07-09 17:02:53', '2019-07-09 17:02:53'),
	(233, 99, 116, 1, 1, '2019-07-09 17:04:48', '2019-07-09 19:48:50'),
	(234, 105, 116, 2, 1, '2019-07-09 17:04:48', '2019-07-09 19:26:25'),
	(235, 95, 117, 1, 0, '2019-07-09 17:16:32', '2019-07-09 17:16:32'),
	(236, 99, 117, 2, 1, '2019-07-09 17:16:32', '2019-07-09 19:49:07'),
	(237, 105, 118, 1, 0, '2019-07-09 17:17:39', '2019-07-09 17:17:39'),
	(238, 114, 118, 2, 0, '2019-07-09 17:17:39', '2019-07-09 17:17:39'),
	(239, 103, 119, 1, 0, '2019-07-09 17:18:24', '2019-07-09 17:18:24'),
	(240, 112, 119, 2, 0, '2019-07-09 17:18:24', '2019-07-09 17:18:24'),
	(241, 96, 120, 1, 0, '2019-07-09 17:19:25', '2019-07-09 17:19:25'),
	(242, 112, 120, 2, 0, '2019-07-09 17:19:25', '2019-07-09 17:19:25'),
	(243, 107, 121, 1, 0, '2019-07-09 17:20:05', '2019-07-09 17:20:05'),
	(244, 102, 121, 2, 0, '2019-07-09 17:20:05', '2019-07-09 17:20:05'),
	(245, 96, 122, 1, 0, '2019-07-09 17:26:28', '2019-07-09 17:26:28'),
	(246, 109, 122, 2, 1, '2019-07-09 17:26:28', '2019-07-09 20:08:39'),
	(247, 99, 123, 1, 1, '2019-07-09 17:27:12', '2019-07-09 19:49:00'),
	(248, 114, 123, 2, 0, '2019-07-09 17:27:12', '2019-07-09 17:27:12'),
	(249, 107, 124, 1, 0, '2019-07-09 17:27:22', '2019-07-09 17:27:22'),
	(250, 102, 124, 2, 0, '2019-07-09 17:27:22', '2019-07-09 17:27:22'),
	(251, 94, 125, 1, 1, '2019-07-09 17:28:12', '2019-07-11 10:42:28'),
	(252, 101, 125, 2, 1, '2019-07-09 17:28:12', '2019-07-11 10:23:31'),
	(253, 108, 126, 1, 0, '2019-07-09 17:30:12', '2019-07-09 17:30:12'),
	(254, 112, 126, 2, 0, '2019-07-09 17:30:12', '2019-07-09 17:30:12'),
	(255, 100, 127, 1, 0, '2019-07-09 17:32:10', '2019-07-09 17:32:10'),
	(256, 98, 127, 2, 0, '2019-07-09 17:32:10', '2019-07-09 17:32:10'),
	(257, 96, 128, 1, 0, '2019-07-09 17:37:19', '2019-07-09 17:37:19'),
	(258, 112, 128, 2, 0, '2019-07-09 17:37:19', '2019-07-09 17:37:19'),
	(259, 100, 129, 1, 0, '2019-07-09 17:49:58', '2019-07-09 17:49:58'),
	(260, 114, 129, 2, 0, '2019-07-09 17:49:58', '2019-07-09 17:49:58'),
	(261, 100, 130, 1, 0, '2019-07-09 17:54:06', '2019-07-09 17:54:06'),
	(262, 107, 130, 2, 0, '2019-07-09 17:54:06', '2019-07-09 17:54:06'),
	(263, 108, 131, 1, 0, '2019-07-09 17:55:48', '2019-07-09 17:55:48'),
	(264, 99, 131, 2, 1, '2019-07-09 17:55:48', '2019-07-09 19:49:10'),
	(265, 107, 132, 1, 0, '2019-07-09 18:05:35', '2019-07-09 18:05:35'),
	(266, 102, 132, 2, 0, '2019-07-09 18:05:35', '2019-07-09 18:05:35'),
	(267, 108, 133, 1, 0, '2019-07-09 18:09:56', '2019-07-09 18:09:56'),
	(268, 99, 133, 2, 1, '2019-07-09 18:09:56', '2019-07-09 19:49:12'),
	(269, 94, 134, 1, 0, '2019-07-09 18:11:33', '2019-07-09 18:11:33'),
	(270, 98, 135, 1, 0, '2019-07-09 18:24:49', '2019-07-09 18:24:49'),
	(271, 119, 135, 2, 0, '2019-07-09 18:24:49', '2019-07-09 18:24:49'),
	(272, 97, 136, 1, 0, '2019-07-09 18:30:23', '2019-07-09 18:30:23'),
	(273, 111, 136, 2, 0, '2019-07-09 18:30:23', '2019-07-09 18:30:23'),
	(274, 95, 137, 1, 0, '2019-07-09 18:41:50', '2019-07-09 18:41:50'),
	(275, 119, 137, 2, 0, '2019-07-09 18:41:51', '2019-07-09 18:41:51'),
	(276, 97, 138, 1, 0, '2019-07-09 19:05:04', '2019-07-09 19:05:04'),
	(277, 111, 138, 2, 0, '2019-07-09 19:05:04', '2019-07-09 19:05:04'),
	(278, 98, 139, 1, 0, '2019-07-09 19:09:35', '2019-07-09 19:09:35'),
	(279, 110, 139, 2, 0, '2019-07-09 19:09:35', '2019-07-09 19:09:35'),
	(280, 94, 140, 1, 0, '2019-07-09 19:21:13', '2019-07-09 19:21:13'),
	(281, 119, 140, 2, 0, '2019-07-09 19:21:13', '2019-07-09 19:21:13'),
	(282, 97, 141, 1, 0, '2019-07-09 19:27:42', '2019-07-09 19:27:42'),
	(283, 111, 141, 2, 0, '2019-07-09 19:27:42', '2019-07-09 19:27:42'),
	(284, 105, 142, 1, 0, '2019-07-09 19:40:32', '2019-07-09 19:40:32'),
	(285, 114, 142, 2, 0, '2019-07-09 19:40:32', '2019-07-09 19:40:32'),
	(286, 98, 143, 1, 0, '2019-07-09 20:12:24', '2019-07-09 20:12:24'),
	(287, 110, 143, 2, 0, '2019-07-09 20:12:24', '2019-07-09 20:12:24'),
	(288, 97, 144, 1, 0, '2019-07-09 20:50:02', '2019-07-09 20:50:02'),
	(289, 111, 144, 2, 0, '2019-07-09 20:50:02', '2019-07-09 20:50:02'),
	(290, 105, 145, 1, 0, '2019-07-09 20:54:30', '2019-07-09 20:54:30'),
	(291, 106, 145, 2, 0, '2019-07-09 20:54:30', '2019-07-09 20:54:30'),
	(292, 95, 146, 1, 0, '2019-07-09 21:14:31', '2019-07-09 21:14:31'),
	(293, 98, 146, 2, 0, '2019-07-09 21:14:31', '2019-07-09 21:14:31'),
	(294, 105, 147, 1, 0, '2019-07-09 21:14:33', '2019-07-09 21:14:33'),
	(295, 110, 147, 2, 0, '2019-07-09 21:14:33', '2019-07-09 21:14:33'),
	(296, 94, 148, 1, 0, '2019-07-09 21:19:59', '2019-07-09 21:19:59'),
	(297, 107, 148, 2, 0, '2019-07-09 21:20:00', '2019-07-09 21:20:00'),
	(298, 95, 149, 1, 0, '2019-07-09 21:28:00', '2019-07-09 21:28:00'),
	(299, 119, 149, 2, 0, '2019-07-09 21:28:00', '2019-07-09 21:28:00'),
	(300, 103, 150, 1, 0, '2019-07-09 21:28:01', '2019-07-09 21:28:01'),
	(301, 96, 150, 2, 0, '2019-07-09 21:28:01', '2019-07-09 21:28:01'),
	(302, 98, 151, 1, 0, '2019-07-09 21:31:36', '2019-07-09 21:31:36'),
	(303, 110, 151, 2, 0, '2019-07-09 21:31:36', '2019-07-09 21:31:36'),
	(304, 94, 152, 1, 0, '2019-07-09 21:39:43', '2019-07-09 21:39:43'),
	(305, 119, 152, 2, 0, '2019-07-09 21:39:43', '2019-07-09 21:39:43'),
	(306, 94, 153, 1, 0, '2019-07-09 21:41:10', '2019-07-09 21:41:10'),
	(307, 102, 153, 2, 0, '2019-07-09 21:41:10', '2019-07-09 21:41:10'),
	(308, 95, 154, 1, 0, '2019-07-09 22:04:59', '2019-07-09 22:04:59'),
	(309, 119, 154, 2, 0, '2019-07-09 22:04:59', '2019-07-09 22:04:59'),
	(310, 105, 155, 1, 0, '2019-07-09 22:08:00', '2019-07-09 22:08:00'),
	(311, 99, 155, 2, 0, '2019-07-09 22:08:00', '2019-07-09 22:08:00'),
	(312, 98, 156, 1, 0, '2019-07-09 22:37:06', '2019-07-09 22:37:06'),
	(313, 110, 156, 2, 0, '2019-07-09 22:37:06', '2019-07-09 22:37:06'),
	(314, 105, 157, 1, 0, '2019-07-09 22:46:10', '2019-07-09 22:46:10'),
	(315, 106, 157, 2, 0, '2019-07-09 22:46:11', '2019-07-09 22:46:11'),
	(316, 109, 158, 1, 0, '2019-07-09 22:46:19', '2019-07-09 22:46:19'),
	(317, 112, 158, 2, 0, '2019-07-09 22:46:19', '2019-07-09 22:46:19'),
	(318, 94, 159, 1, 0, '2019-07-09 23:06:25', '2019-07-09 23:06:25'),
	(319, 107, 159, 2, 0, '2019-07-09 23:06:25', '2019-07-09 23:06:25'),
	(320, 95, 160, 1, 0, '2019-07-09 23:31:21', '2019-07-09 23:31:21'),
	(321, 119, 160, 2, 0, '2019-07-09 23:31:21', '2019-07-09 23:31:21'),
	(322, 103, 161, 1, 0, '2019-07-10 00:15:49', '2019-07-10 00:15:49'),
	(323, 109, 161, 2, 0, '2019-07-10 00:15:49', '2019-07-10 00:15:49'),
	(324, 107, 162, 1, 0, '2019-07-10 00:39:29', '2019-07-10 00:39:29'),
	(325, 102, 162, 2, 0, '2019-07-10 00:39:29', '2019-07-10 00:39:29'),
	(326, 100, 163, 1, 0, '2019-07-10 00:43:47', '2019-07-10 00:43:47'),
	(327, 110, 163, 2, 0, '2019-07-10 00:43:47', '2019-07-10 00:43:47'),
	(328, 106, 164, 1, 0, '2019-07-10 01:04:17', '2019-07-10 01:04:17'),
	(329, 108, 164, 2, 0, '2019-07-10 01:04:17', '2019-07-10 01:04:17'),
	(330, 109, 165, 1, 0, '2019-07-10 02:23:15', '2019-07-10 02:23:15'),
	(331, 112, 165, 2, 0, '2019-07-10 02:23:15', '2019-07-10 02:23:15'),
	(332, 106, 166, 1, 0, '2019-07-10 02:48:04', '2019-07-10 02:48:04'),
	(333, 103, 166, 2, 0, '2019-07-10 02:48:04', '2019-07-10 02:48:04'),
	(334, 103, 167, 1, 0, '2019-07-10 03:49:34', '2019-07-10 03:49:34'),
	(335, 106, 167, 2, 0, '2019-07-10 03:49:34', '2019-07-10 03:49:34'),
	(336, 97, 168, 1, 0, '2019-07-10 07:39:27', '2019-07-10 07:39:27'),
	(337, 111, 168, 2, 0, '2019-07-10 07:39:27', '2019-07-10 07:39:27'),
	(338, 99, 169, 1, 0, '2019-07-10 08:23:22', '2019-07-10 08:23:22'),
	(339, 114, 169, 2, 0, '2019-07-10 08:23:22', '2019-07-10 08:23:22'),
	(340, 102, 170, 1, 0, '2019-07-10 08:49:05', '2019-07-10 08:49:05'),
	(341, 99, 170, 2, 0, '2019-07-10 08:49:05', '2019-07-10 08:49:05'),
	(342, 100, 171, 1, 0, '2019-07-10 09:06:16', '2019-07-10 09:06:16'),
	(343, 114, 171, 2, 0, '2019-07-10 09:06:16', '2019-07-10 09:06:16'),
	(344, 100, 172, 1, 0, '2019-07-10 09:50:52', '2019-07-10 09:50:52'),
	(345, 114, 172, 2, 0, '2019-07-10 09:50:52', '2019-07-10 09:50:52'),
	(346, 103, 173, 1, 0, '2019-07-10 10:11:27', '2019-07-10 10:11:27'),
	(347, 109, 173, 2, 0, '2019-07-10 10:11:27', '2019-07-10 10:11:27'),
	(348, 103, 174, 1, 0, '2019-07-10 10:14:50', '2019-07-10 10:14:50'),
	(349, 108, 174, 2, 0, '2019-07-10 10:14:50', '2019-07-10 10:14:50'),
	(350, 99, 175, 1, 0, '2019-07-10 10:30:50', '2019-07-10 10:30:50'),
	(351, 103, 175, 2, 0, '2019-07-10 10:30:50', '2019-07-10 10:30:50'),
	(352, 109, 176, 1, 0, '2019-07-10 10:39:40', '2019-07-10 10:39:40'),
	(353, 112, 176, 2, 0, '2019-07-10 10:39:40', '2019-07-10 10:39:40'),
	(354, 102, 177, 1, 0, '2019-07-10 10:50:13', '2019-07-10 10:50:13'),
	(355, 95, 177, 2, 0, '2019-07-10 10:50:13', '2019-07-10 10:50:13'),
	(356, 108, 178, 1, 0, '2019-09-03 20:18:58', '2019-09-03 20:18:58'),
	(357, 116, 178, 2, 0, '2019-09-03 20:18:58', '2019-09-03 20:18:58');
/*!40000 ALTER TABLE `dosen_pembimbing` ENABLE KEYS */;

-- Dumping structure for table monta.jadwal
DROP TABLE IF EXISTS `jadwal`;
CREATE TABLE IF NOT EXISTS `jadwal` (
  `id_jadwal` int(11) NOT NULL AUTO_INCREMENT,
  `nama` varchar(100) COLLATE utf8mb4_unicode_ci DEFAULT NULL,
  `tanggal` datetime DEFAULT NULL,
  PRIMARY KEY (`id_jadwal`)
) ENGINE=InnoDB AUTO_INCREMENT=10 DEFAULT CHARSET=utf8mb4 COLLATE=utf8mb4_unicode_ci;

-- Dumping data for table monta.jadwal: ~9 rows (approximately)
DELETE FROM `jadwal`;
/*!40000 ALTER TABLE `jadwal` DISABLE KEYS */;
INSERT INTO `jadwal` (`id_jadwal`, `nama`, `tanggal`) VALUES
	(1, 'Awal Semester', '2019-02-04 23:59:00'),
	(2, 'Buka Ketersediaan Seminar', '2019-02-06 23:59:00'),
	(3, 'Tutup Ketersediaan Seminar', '2019-07-26 23:59:00'),
	(4, 'Buka Pengajuan Jadwal Seminar', '2019-02-06 23:59:00'),
	(5, 'Tutup Pengajuan Jadwal Seminar', '2019-07-26 23:59:00'),
	(6, 'Buka Ketersediaan Sidang', '2019-06-11 23:59:00'),
	(7, 'Tutup Ketersediaan Sidang', '2019-07-26 23:59:00'),
	(8, 'Buka Pengajuan Jadwal Sidang', '2019-06-11 23:59:00'),
	(9, 'Tutup Pengajuan Jadwal Sidang', '2019-07-26 23:59:00');
/*!40000 ALTER TABLE `jadwal` ENABLE KEYS */;

-- Dumping structure for table monta.jadwal_seminar
DROP TABLE IF EXISTS `jadwal_seminar`;
CREATE TABLE IF NOT EXISTS `jadwal_seminar` (
  `id_js` int(11) NOT NULL AUTO_INCREMENT,
  `tanggal` date DEFAULT NULL,
  `sesi` int(11) DEFAULT NULL,
  `ruang` int(11) DEFAULT NULL,
  `created_at` timestamp NULL DEFAULT NULL,
  `updated_at` timestamp NULL DEFAULT NULL,
  PRIMARY KEY (`id_js`)
) ENGINE=InnoDB AUTO_INCREMENT=320 DEFAULT CHARSET=utf8mb4 COLLATE=utf8mb4_unicode_ci;

-- Dumping data for table monta.jadwal_seminar: ~90 rows (approximately)
DELETE FROM `jadwal_seminar`;
/*!40000 ALTER TABLE `jadwal_seminar` DISABLE KEYS */;
INSERT INTO `jadwal_seminar` (`id_js`, `tanggal`, `sesi`, `ruang`, `created_at`, `updated_at`) VALUES
	(224, '2019-07-08', 1, 1, '2019-07-09 16:26:36', '2019-07-09 16:26:36'),
	(225, '2019-07-08', 2, 1, '2019-07-09 16:26:36', '2019-07-09 16:26:36'),
	(226, '2019-07-08', 3, 1, '2019-07-09 16:26:36', '2019-07-09 16:26:36'),
	(227, '2019-07-08', 1, 2, '2019-07-09 16:26:43', '2019-07-09 16:26:43'),
	(228, '2019-07-08', 2, 2, '2019-07-09 16:26:43', '2019-07-09 16:26:43'),
	(229, '2019-07-08', 3, 2, '2019-07-09 16:26:43', '2019-07-09 16:26:43'),
	(230, '2019-07-09', 1, 1, '2019-07-09 16:26:52', '2019-07-09 16:26:52'),
	(231, '2019-07-09', 2, 1, '2019-07-09 16:26:52', '2019-07-09 16:26:52'),
	(232, '2019-07-09', 3, 1, '2019-07-09 16:26:52', '2019-07-09 16:26:52'),
	(233, '2019-07-09', 1, 2, '2019-07-09 16:27:04', '2019-07-09 16:27:04'),
	(234, '2019-07-09', 2, 2, '2019-07-09 16:27:04', '2019-07-09 16:27:04'),
	(235, '2019-07-09', 3, 2, '2019-07-09 16:27:04', '2019-07-09 16:27:04'),
	(242, '2019-07-10', 1, 1, '2019-07-09 16:27:44', '2019-07-09 16:27:44'),
	(243, '2019-07-10', 2, 1, '2019-07-09 16:27:44', '2019-07-09 16:27:44'),
	(244, '2019-07-10', 3, 1, '2019-07-09 16:27:44', '2019-07-09 16:27:44'),
	(245, '2019-07-10', 1, 2, '2019-07-09 16:27:51', '2019-07-09 16:27:51'),
	(246, '2019-07-10', 2, 2, '2019-07-09 16:27:51', '2019-07-09 16:27:51'),
	(247, '2019-07-10', 3, 2, '2019-07-09 16:27:51', '2019-07-09 16:27:51'),
	(248, '2019-07-11', 1, 1, '2019-07-09 16:28:00', '2019-07-09 16:28:00'),
	(249, '2019-07-11', 2, 1, '2019-07-09 16:28:00', '2019-07-09 16:28:00'),
	(250, '2019-07-11', 3, 1, '2019-07-09 16:28:00', '2019-07-09 16:28:00'),
	(251, '2019-07-11', 1, 2, '2019-07-09 16:28:08', '2019-07-09 16:28:08'),
	(252, '2019-07-11', 2, 2, '2019-07-09 16:28:08', '2019-07-09 16:28:08'),
	(253, '2019-07-11', 3, 2, '2019-07-09 16:28:08', '2019-07-09 16:28:08'),
	(254, '2019-07-12', 1, 1, '2019-07-09 16:28:15', '2019-07-09 16:28:15'),
	(255, '2019-07-12', 2, 1, '2019-07-09 16:28:15', '2019-07-09 16:28:15'),
	(256, '2019-07-12', 3, 1, '2019-07-09 16:28:15', '2019-07-09 16:28:15'),
	(257, '2019-07-12', 1, 2, '2019-07-09 16:28:22', '2019-07-09 16:28:22'),
	(258, '2019-07-12', 2, 2, '2019-07-09 16:28:22', '2019-07-09 16:28:22'),
	(259, '2019-07-12', 3, 2, '2019-07-09 16:28:22', '2019-07-09 16:28:22'),
	(260, '2019-07-15', 1, 1, '2019-07-09 16:28:29', '2019-07-09 16:28:29'),
	(261, '2019-07-15', 2, 1, '2019-07-09 16:28:29', '2019-07-09 16:28:29'),
	(262, '2019-07-15', 3, 1, '2019-07-09 16:28:29', '2019-07-09 16:28:29'),
	(263, '2019-07-15', 1, 2, '2019-07-09 16:28:36', '2019-07-09 16:28:36'),
	(264, '2019-07-15', 2, 2, '2019-07-09 16:28:36', '2019-07-09 16:28:36'),
	(265, '2019-07-15', 3, 2, '2019-07-09 16:28:36', '2019-07-09 16:28:36'),
	(266, '2019-07-16', 1, 1, '2019-07-09 16:28:42', '2019-07-09 16:28:42'),
	(267, '2019-07-16', 2, 1, '2019-07-09 16:28:42', '2019-07-09 16:28:42'),
	(268, '2019-07-16', 3, 1, '2019-07-09 16:28:42', '2019-07-09 16:28:42'),
	(269, '2019-07-16', 1, 2, '2019-07-09 16:28:48', '2019-07-09 16:28:48'),
	(270, '2019-07-16', 2, 2, '2019-07-09 16:28:48', '2019-07-09 16:28:48'),
	(271, '2019-07-16', 3, 2, '2019-07-09 16:28:48', '2019-07-09 16:28:48'),
	(272, '2019-07-17', 1, 1, '2019-07-09 16:28:58', '2019-07-09 16:28:58'),
	(273, '2019-07-17', 2, 1, '2019-07-09 16:28:58', '2019-07-09 16:28:58'),
	(274, '2019-07-17', 3, 1, '2019-07-09 16:28:58', '2019-07-09 16:28:58'),
	(275, '2019-07-17', 1, 2, '2019-07-09 16:29:04', '2019-07-09 16:29:04'),
	(276, '2019-07-17', 2, 2, '2019-07-09 16:29:04', '2019-07-09 16:29:04'),
	(277, '2019-07-17', 3, 2, '2019-07-09 16:29:04', '2019-07-09 16:29:04'),
	(278, '2019-07-18', 1, 1, '2019-07-09 16:29:12', '2019-07-09 16:29:12'),
	(279, '2019-07-18', 2, 1, '2019-07-09 16:29:12', '2019-07-09 16:29:12'),
	(280, '2019-07-18', 3, 1, '2019-07-09 16:29:12', '2019-07-09 16:29:12'),
	(281, '2019-07-18', 1, 2, '2019-07-09 16:29:18', '2019-07-09 16:29:18'),
	(282, '2019-07-18', 2, 2, '2019-07-09 16:29:18', '2019-07-09 16:29:18'),
	(283, '2019-07-18', 3, 2, '2019-07-09 16:29:18', '2019-07-09 16:29:18'),
	(284, '2019-07-19', 1, 1, '2019-07-09 16:29:24', '2019-07-09 16:29:24'),
	(285, '2019-07-19', 2, 1, '2019-07-09 16:29:24', '2019-07-09 16:29:24'),
	(286, '2019-07-19', 3, 1, '2019-07-09 16:29:24', '2019-07-09 16:29:24'),
	(287, '2019-07-19', 1, 2, '2019-07-09 16:29:30', '2019-07-09 16:29:30'),
	(288, '2019-07-19', 2, 2, '2019-07-09 16:29:30', '2019-07-09 16:29:30'),
	(289, '2019-07-19', 3, 2, '2019-07-09 16:29:30', '2019-07-09 16:29:30'),
	(290, '2019-07-22', 1, 1, '2019-07-09 16:29:38', '2019-07-09 16:29:38'),
	(291, '2019-07-22', 2, 1, '2019-07-09 16:29:38', '2019-07-09 16:29:38'),
	(292, '2019-07-22', 3, 1, '2019-07-09 16:29:38', '2019-07-09 16:29:38'),
	(293, '2019-07-22', 1, 2, '2019-07-09 16:29:46', '2019-07-09 16:29:46'),
	(294, '2019-07-22', 2, 2, '2019-07-09 16:29:46', '2019-07-09 16:29:46'),
	(295, '2019-07-22', 3, 2, '2019-07-09 16:29:46', '2019-07-09 16:29:46'),
	(296, '2019-07-23', 1, 1, '2019-07-09 16:30:00', '2019-07-09 16:30:00'),
	(297, '2019-07-23', 2, 1, '2019-07-09 16:30:00', '2019-07-09 16:30:00'),
	(298, '2019-07-23', 3, 1, '2019-07-09 16:30:00', '2019-07-09 16:30:00'),
	(299, '2019-07-23', 1, 2, '2019-07-09 16:30:06', '2019-07-09 16:30:06'),
	(300, '2019-07-23', 2, 2, '2019-07-09 16:30:06', '2019-07-09 16:30:06'),
	(301, '2019-07-23', 3, 2, '2019-07-09 16:30:06', '2019-07-09 16:30:06'),
	(302, '2019-07-24', 1, 1, '2019-07-09 16:30:14', '2019-07-09 16:30:14'),
	(303, '2019-07-24', 2, 1, '2019-07-09 16:30:14', '2019-07-09 16:30:14'),
	(304, '2019-07-24', 3, 1, '2019-07-09 16:30:14', '2019-07-09 16:30:14'),
	(305, '2019-07-24', 1, 2, '2019-07-09 16:30:20', '2019-07-09 16:30:20'),
	(306, '2019-07-24', 2, 2, '2019-07-09 16:30:20', '2019-07-09 16:30:20'),
	(307, '2019-07-24', 3, 2, '2019-07-09 16:30:20', '2019-07-09 16:30:20'),
	(308, '2019-07-25', 1, 1, '2019-07-09 16:30:31', '2019-07-09 16:30:31'),
	(309, '2019-07-25', 2, 1, '2019-07-09 16:30:31', '2019-07-09 16:30:31'),
	(310, '2019-07-25', 3, 1, '2019-07-09 16:30:31', '2019-07-09 16:30:31'),
	(311, '2019-07-25', 1, 2, '2019-07-09 16:30:37', '2019-07-09 16:30:37'),
	(312, '2019-07-25', 2, 2, '2019-07-09 16:30:37', '2019-07-09 16:30:37'),
	(313, '2019-07-25', 3, 2, '2019-07-09 16:30:37', '2019-07-09 16:30:37'),
	(314, '2019-07-26', 1, 1, '2019-07-09 16:30:43', '2019-07-09 16:30:43'),
	(315, '2019-07-26', 2, 1, '2019-07-09 16:30:43', '2019-07-09 16:30:43'),
	(316, '2019-07-26', 3, 1, '2019-07-09 16:30:43', '2019-07-09 16:30:43'),
	(317, '2019-07-26', 1, 2, '2019-07-09 16:30:48', '2019-07-09 16:30:48'),
	(318, '2019-07-26', 2, 2, '2019-07-09 16:30:48', '2019-07-09 16:30:48'),
	(319, '2019-07-26', 3, 2, '2019-07-09 16:30:48', '2019-07-09 16:30:48');
/*!40000 ALTER TABLE `jadwal_seminar` ENABLE KEYS */;

-- Dumping structure for table monta.jadwal_ujian
DROP TABLE IF EXISTS `jadwal_ujian`;
CREATE TABLE IF NOT EXISTS `jadwal_ujian` (
  `id_ju` int(11) NOT NULL AUTO_INCREMENT,
  `tanggal` date DEFAULT NULL,
  `sesi` int(11) DEFAULT NULL,
  `ruang` int(11) DEFAULT NULL,
  `created_at` timestamp NULL DEFAULT NULL,
  `updated_at` timestamp NULL DEFAULT NULL,
  PRIMARY KEY (`id_ju`)
) ENGINE=InnoDB AUTO_INCREMENT=232 DEFAULT CHARSET=utf8mb4 COLLATE=utf8mb4_unicode_ci;

-- Dumping data for table monta.jadwal_ujian: ~90 rows (approximately)
DELETE FROM `jadwal_ujian`;
/*!40000 ALTER TABLE `jadwal_ujian` DISABLE KEYS */;
INSERT INTO `jadwal_ujian` (`id_ju`, `tanggal`, `sesi`, `ruang`, `created_at`, `updated_at`) VALUES
	(142, '2019-07-08', 1, 1, '2019-07-09 16:32:18', '2019-07-09 16:32:18'),
	(143, '2019-07-08', 2, 1, '2019-07-09 16:32:18', '2019-07-09 16:32:18'),
	(144, '2019-07-08', 3, 1, '2019-07-09 16:32:18', '2019-07-09 16:32:18'),
	(145, '2019-07-08', 1, 2, '2019-07-09 16:32:24', '2019-07-09 16:32:24'),
	(146, '2019-07-08', 2, 2, '2019-07-09 16:32:24', '2019-07-09 16:32:24'),
	(147, '2019-07-08', 3, 2, '2019-07-09 16:32:24', '2019-07-09 16:32:24'),
	(148, '2019-07-09', 1, 1, '2019-07-09 16:32:30', '2019-07-09 16:32:30'),
	(149, '2019-07-09', 2, 1, '2019-07-09 16:32:30', '2019-07-09 16:32:30'),
	(150, '2019-07-09', 3, 1, '2019-07-09 16:32:30', '2019-07-09 16:32:30'),
	(151, '2019-07-09', 1, 2, '2019-07-09 16:32:37', '2019-07-09 16:32:37'),
	(152, '2019-07-09', 2, 2, '2019-07-09 16:32:37', '2019-07-09 16:32:37'),
	(153, '2019-07-09', 3, 2, '2019-07-09 16:32:37', '2019-07-09 16:32:37'),
	(154, '2019-07-10', 1, 1, '2019-07-09 16:32:44', '2019-07-09 16:32:44'),
	(155, '2019-07-10', 2, 1, '2019-07-09 16:32:44', '2019-07-09 16:32:44'),
	(156, '2019-07-10', 3, 1, '2019-07-09 16:32:44', '2019-07-09 16:32:44'),
	(157, '2019-07-10', 1, 2, '2019-07-09 16:32:52', '2019-07-09 16:32:52'),
	(158, '2019-07-10', 2, 2, '2019-07-09 16:32:52', '2019-07-09 16:32:52'),
	(159, '2019-07-10', 3, 2, '2019-07-09 16:32:52', '2019-07-09 16:32:52'),
	(160, '2019-07-11', 1, 1, '2019-07-09 16:33:01', '2019-07-09 16:33:01'),
	(161, '2019-07-11', 2, 1, '2019-07-09 16:33:01', '2019-07-09 16:33:01'),
	(162, '2019-07-11', 3, 1, '2019-07-09 16:33:01', '2019-07-09 16:33:01'),
	(163, '2019-07-11', 1, 2, '2019-07-09 16:33:18', '2019-07-09 16:33:18'),
	(164, '2019-07-11', 2, 2, '2019-07-09 16:33:18', '2019-07-09 16:33:18'),
	(165, '2019-07-11', 3, 2, '2019-07-09 16:33:18', '2019-07-09 16:33:18'),
	(166, '2019-07-12', 1, 1, '2019-07-09 16:34:25', '2019-07-09 16:34:25'),
	(167, '2019-07-12', 2, 1, '2019-07-09 16:34:25', '2019-07-09 16:34:25'),
	(168, '2019-07-12', 3, 1, '2019-07-09 16:34:25', '2019-07-09 16:34:25'),
	(169, '2019-07-12', 1, 2, '2019-07-09 16:34:32', '2019-07-09 16:34:32'),
	(170, '2019-07-12', 2, 2, '2019-07-09 16:34:32', '2019-07-09 16:34:32'),
	(171, '2019-07-12', 3, 2, '2019-07-09 16:34:32', '2019-07-09 16:34:32'),
	(172, '2019-07-15', 1, 1, '2019-07-09 16:34:43', '2019-07-09 16:34:43'),
	(173, '2019-07-15', 2, 1, '2019-07-09 16:34:44', '2019-07-09 16:34:44'),
	(174, '2019-07-15', 3, 1, '2019-07-09 16:34:44', '2019-07-09 16:34:44'),
	(175, '2019-07-15', 1, 2, '2019-07-09 16:34:51', '2019-07-09 16:34:51'),
	(176, '2019-07-15', 2, 2, '2019-07-09 16:34:51', '2019-07-09 16:34:51'),
	(177, '2019-07-15', 3, 2, '2019-07-09 16:34:51', '2019-07-09 16:34:51'),
	(178, '2019-07-16', 1, 1, '2019-07-09 16:34:57', '2019-07-09 16:34:57'),
	(179, '2019-07-16', 2, 1, '2019-07-09 16:34:57', '2019-07-09 16:34:57'),
	(180, '2019-07-16', 3, 1, '2019-07-09 16:34:57', '2019-07-09 16:34:57'),
	(181, '2019-07-16', 1, 2, '2019-07-09 16:35:02', '2019-07-09 16:35:02'),
	(182, '2019-07-16', 2, 2, '2019-07-09 16:35:02', '2019-07-09 16:35:02'),
	(183, '2019-07-16', 3, 2, '2019-07-09 16:35:03', '2019-07-09 16:35:03'),
	(184, '2019-07-17', 1, 1, '2019-07-09 16:35:14', '2019-07-09 16:35:14'),
	(185, '2019-07-17', 2, 1, '2019-07-09 16:35:14', '2019-07-09 16:35:14'),
	(186, '2019-07-17', 3, 1, '2019-07-09 16:35:14', '2019-07-09 16:35:14'),
	(187, '2019-07-17', 1, 2, '2019-07-09 16:35:23', '2019-07-09 16:35:23'),
	(188, '2019-07-17', 2, 2, '2019-07-09 16:35:23', '2019-07-09 16:35:23'),
	(189, '2019-07-17', 3, 2, '2019-07-09 16:35:23', '2019-07-09 16:35:23'),
	(190, '2019-07-18', 1, 1, '2019-07-09 16:35:34', '2019-07-09 16:35:34'),
	(191, '2019-07-18', 2, 1, '2019-07-09 16:35:34', '2019-07-09 16:35:34'),
	(192, '2019-07-18', 3, 1, '2019-07-09 16:35:34', '2019-07-09 16:35:34'),
	(193, '2019-07-18', 1, 2, '2019-07-09 16:35:42', '2019-07-09 16:35:42'),
	(194, '2019-07-18', 2, 2, '2019-07-09 16:35:42', '2019-07-09 16:35:42'),
	(195, '2019-07-18', 3, 2, '2019-07-09 16:35:42', '2019-07-09 16:35:42'),
	(196, '2019-07-19', 1, 1, '2019-07-09 16:35:55', '2019-07-09 16:35:55'),
	(197, '2019-07-19', 2, 1, '2019-07-09 16:35:55', '2019-07-09 16:35:55'),
	(198, '2019-07-19', 3, 1, '2019-07-09 16:35:55', '2019-07-09 16:35:55'),
	(199, '2019-07-19', 1, 2, '2019-07-09 16:36:02', '2019-07-09 16:36:02'),
	(200, '2019-07-19', 2, 2, '2019-07-09 16:36:02', '2019-07-09 16:36:02'),
	(201, '2019-07-19', 3, 2, '2019-07-09 16:36:02', '2019-07-09 16:36:02'),
	(202, '2019-07-22', 1, 1, '2019-07-09 16:36:08', '2019-07-09 16:36:08'),
	(203, '2019-07-22', 2, 1, '2019-07-09 16:36:08', '2019-07-09 16:36:08'),
	(204, '2019-07-22', 3, 1, '2019-07-09 16:36:08', '2019-07-09 16:36:08'),
	(205, '2019-07-22', 1, 2, '2019-07-09 16:36:13', '2019-07-09 16:36:13'),
	(206, '2019-07-22', 2, 2, '2019-07-09 16:36:13', '2019-07-09 16:36:13'),
	(207, '2019-07-22', 3, 2, '2019-07-09 16:36:13', '2019-07-09 16:36:13'),
	(208, '2019-07-23', 1, 1, '2019-07-09 16:36:19', '2019-07-09 16:36:19'),
	(209, '2019-07-23', 2, 1, '2019-07-09 16:36:19', '2019-07-09 16:36:19'),
	(210, '2019-07-23', 3, 1, '2019-07-09 16:36:19', '2019-07-09 16:36:19'),
	(211, '2019-07-23', 1, 2, '2019-07-09 16:36:25', '2019-07-09 16:36:25'),
	(212, '2019-07-23', 2, 2, '2019-07-09 16:36:25', '2019-07-09 16:36:25'),
	(213, '2019-07-23', 3, 2, '2019-07-09 16:36:25', '2019-07-09 16:36:25'),
	(214, '2019-07-24', 1, 1, '2019-07-09 16:36:31', '2019-07-09 16:36:31'),
	(215, '2019-07-24', 2, 1, '2019-07-09 16:36:31', '2019-07-09 16:36:31'),
	(216, '2019-07-24', 3, 1, '2019-07-09 16:36:31', '2019-07-09 16:36:31'),
	(217, '2019-07-24', 1, 2, '2019-07-09 16:36:36', '2019-07-09 16:36:36'),
	(218, '2019-07-24', 2, 2, '2019-07-09 16:36:36', '2019-07-09 16:36:36'),
	(219, '2019-07-24', 3, 2, '2019-07-09 16:36:36', '2019-07-09 16:36:36'),
	(220, '2019-07-25', 1, 1, '2019-07-09 16:36:41', '2019-07-09 16:36:41'),
	(221, '2019-07-25', 2, 1, '2019-07-09 16:36:41', '2019-07-09 16:36:41'),
	(222, '2019-07-25', 3, 1, '2019-07-09 16:36:41', '2019-07-09 16:36:41'),
	(223, '2019-07-25', 1, 2, '2019-07-09 16:36:46', '2019-07-09 16:36:46'),
	(224, '2019-07-25', 2, 2, '2019-07-09 16:36:46', '2019-07-09 16:36:46'),
	(225, '2019-07-25', 3, 2, '2019-07-09 16:36:46', '2019-07-09 16:36:46'),
	(226, '2019-07-26', 1, 1, '2019-07-09 16:36:51', '2019-07-09 16:36:51'),
	(227, '2019-07-26', 2, 1, '2019-07-09 16:36:51', '2019-07-09 16:36:51'),
	(228, '2019-07-26', 3, 1, '2019-07-09 16:36:51', '2019-07-09 16:36:51'),
	(229, '2019-07-26', 1, 2, '2019-07-09 16:36:57', '2019-07-09 16:36:57'),
	(230, '2019-07-26', 2, 2, '2019-07-09 16:36:57', '2019-07-09 16:36:57'),
	(231, '2019-07-26', 3, 2, '2019-07-09 16:36:57', '2019-07-09 16:36:57');
/*!40000 ALTER TABLE `jadwal_ujian` ENABLE KEYS */;

-- Dumping structure for table monta.ketersediaan_seminar
DROP TABLE IF EXISTS `ketersediaan_seminar`;
CREATE TABLE IF NOT EXISTS `ketersediaan_seminar` (
  `id_ks` int(11) NOT NULL AUTO_INCREMENT,
  `id_js` int(11) DEFAULT NULL,
  `id_dosen` int(11) DEFAULT NULL,
  `created_at` timestamp NULL DEFAULT NULL,
  `updated_at` timestamp NULL DEFAULT NULL,
  PRIMARY KEY (`id_ks`),
  KEY `id_dosen` (`id_dosen`),
  KEY `id_js` (`id_js`)
) ENGINE=InnoDB AUTO_INCREMENT=299 DEFAULT CHARSET=utf8mb4 COLLATE=utf8mb4_unicode_ci;

-- Dumping data for table monta.ketersediaan_seminar: ~41 rows (approximately)
DELETE FROM `ketersediaan_seminar`;
/*!40000 ALTER TABLE `ketersediaan_seminar` DISABLE KEYS */;
INSERT INTO `ketersediaan_seminar` (`id_ks`, `id_js`, `id_dosen`, `created_at`, `updated_at`) VALUES
	(241, 230, 105, '2019-07-09 16:41:21', '2019-07-09 16:41:21'),
	(242, 249, 105, '2019-07-09 16:41:25', '2019-07-09 16:41:25'),
	(243, 284, 105, '2019-07-09 16:41:30', '2019-07-09 16:41:30'),
	(244, 225, 99, '2019-07-09 19:53:34', '2019-07-09 19:53:34'),
	(245, 255, 99, '2019-07-09 19:53:40', '2019-07-09 19:53:40'),
	(246, 246, 99, '2019-07-09 19:53:40', '2019-07-09 19:53:40'),
	(247, 273, 99, '2019-07-09 19:53:43', '2019-07-09 19:53:43'),
	(248, 279, 99, '2019-07-09 19:53:45', '2019-07-09 19:53:45'),
	(249, 297, 99, '2019-07-09 19:53:48', '2019-07-09 19:53:48'),
	(250, 303, 99, '2019-07-09 19:53:51', '2019-07-09 19:53:51'),
	(251, 234, 99, '2019-07-09 19:53:53', '2019-07-09 19:53:53'),
	(252, 225, 109, '2019-07-09 20:12:32', '2019-07-09 20:12:32'),
	(253, 224, 109, '2019-07-09 20:12:34', '2019-07-09 20:12:34'),
	(257, 230, 109, '2019-07-09 20:12:39', '2019-07-09 20:12:39'),
	(259, 231, 109, '2019-07-09 20:12:41', '2019-07-09 20:12:41'),
	(261, 242, 109, '2019-07-09 20:12:50', '2019-07-09 20:12:50'),
	(262, 243, 109, '2019-07-09 20:12:51', '2019-07-09 20:12:51'),
	(263, 249, 109, '2019-07-09 20:12:53', '2019-07-09 20:12:53'),
	(264, 248, 109, '2019-07-09 20:12:54', '2019-07-09 20:12:54'),
	(265, 254, 109, '2019-07-09 20:12:57', '2019-07-09 20:12:57'),
	(266, 255, 109, '2019-07-09 20:12:57', '2019-07-09 20:12:57'),
	(267, 260, 109, '2019-07-09 20:12:59', '2019-07-09 20:12:59'),
	(269, 261, 109, '2019-07-09 20:13:00', '2019-07-09 20:13:00'),
	(270, 266, 109, '2019-07-09 20:13:04', '2019-07-09 20:13:04'),
	(272, 267, 109, '2019-07-09 20:13:06', '2019-07-09 20:13:06'),
	(274, 273, 109, '2019-07-09 20:13:09', '2019-07-09 20:13:09'),
	(275, 278, 109, '2019-07-09 20:13:11', '2019-07-09 20:13:11'),
	(276, 279, 109, '2019-07-09 20:13:11', '2019-07-09 20:13:11'),
	(279, 291, 109, '2019-07-09 20:13:15', '2019-07-09 20:13:15'),
	(280, 290, 109, '2019-07-09 20:13:15', '2019-07-09 20:13:15'),
	(281, 296, 109, '2019-07-09 20:13:18', '2019-07-09 20:13:18'),
	(283, 284, 109, '2019-07-09 20:13:23', '2019-07-09 20:13:23'),
	(285, 297, 109, '2019-07-09 20:13:27', '2019-07-09 20:13:27'),
	(286, 302, 109, '2019-07-09 20:13:41', '2019-07-09 20:13:41'),
	(287, 280, 109, '2019-07-09 20:13:42', '2019-07-09 20:13:42'),
	(288, 303, 109, '2019-07-09 20:13:44', '2019-07-09 20:13:44'),
	(289, 308, 109, '2019-07-09 20:13:46', '2019-07-09 20:13:46'),
	(292, 224, 98, '2019-07-09 20:14:48', '2019-07-09 20:14:48'),
	(293, 227, 98, '2019-07-09 20:15:14', '2019-07-09 20:15:14'),
	(294, 231, 98, '2019-07-09 20:16:03', '2019-07-09 20:16:03'),
	(295, 234, 98, '2019-07-09 20:16:07', '2019-07-09 20:16:07'),
	(296, 224, 105, '2019-07-12 12:21:47', '2019-07-12 12:21:47'),
	(297, 225, 105, '2019-07-12 12:21:51', '2019-07-12 12:21:51'),
	(298, 226, 105, '2019-07-12 12:21:54', '2019-07-12 12:21:54');
/*!40000 ALTER TABLE `ketersediaan_seminar` ENABLE KEYS */;

-- Dumping structure for table monta.ketersediaan_ujian
DROP TABLE IF EXISTS `ketersediaan_ujian`;
CREATE TABLE IF NOT EXISTS `ketersediaan_ujian` (
  `id_ku` int(11) NOT NULL AUTO_INCREMENT,
  `id_ju` int(11) DEFAULT NULL,
  `id_dosen` int(11) DEFAULT NULL,
  `created_at` timestamp NULL DEFAULT NULL,
  `updated_at` timestamp NULL DEFAULT NULL,
  PRIMARY KEY (`id_ku`),
  KEY `id_dosen` (`id_dosen`),
  KEY `id_ju` (`id_ju`)
) ENGINE=InnoDB AUTO_INCREMENT=117 DEFAULT CHARSET=utf8mb4 COLLATE=utf8mb4_unicode_ci;

-- Dumping data for table monta.ketersediaan_ujian: ~33 rows (approximately)
DELETE FROM `ketersediaan_ujian`;
/*!40000 ALTER TABLE `ketersediaan_ujian` DISABLE KEYS */;
INSERT INTO `ketersediaan_ujian` (`id_ku`, `id_ju`, `id_dosen`, `created_at`, `updated_at`) VALUES
	(78, 145, 105, '2019-07-09 16:40:27', '2019-07-09 16:40:27'),
	(79, 164, 105, '2019-07-09 16:40:30', '2019-07-09 16:40:30'),
	(80, 153, 105, '2019-07-09 16:40:34', '2019-07-09 16:40:34'),
	(82, 142, 99, '2019-07-09 19:54:10', '2019-07-09 19:54:10'),
	(83, 146, 99, '2019-07-09 19:54:11', '2019-07-09 19:54:11'),
	(84, 149, 99, '2019-07-09 19:54:12', '2019-07-09 19:54:12'),
	(85, 152, 99, '2019-07-09 19:54:13', '2019-07-09 19:54:13'),
	(86, 155, 99, '2019-07-09 19:54:14', '2019-07-09 19:54:14'),
	(87, 158, 99, '2019-07-09 19:54:15', '2019-07-09 19:54:15'),
	(88, 161, 99, '2019-07-09 19:54:16', '2019-07-09 19:54:16'),
	(90, 179, 99, '2019-07-09 19:54:18', '2019-07-09 19:54:18'),
	(91, 194, 99, '2019-07-09 19:54:21', '2019-07-09 19:54:21'),
	(92, 145, 98, '2019-07-09 20:07:00', '2019-07-09 20:07:00'),
	(93, 148, 98, '2019-07-09 20:07:03', '2019-07-09 20:07:03'),
	(94, 151, 98, '2019-07-09 20:07:05', '2019-07-09 20:07:05'),
	(95, 142, 109, '2019-07-09 20:15:46', '2019-07-09 20:15:46'),
	(97, 150, 109, '2019-07-09 20:15:48', '2019-07-09 20:15:48'),
	(98, 154, 109, '2019-07-09 20:15:52', '2019-07-09 20:15:52'),
	(99, 160, 109, '2019-07-09 20:15:53', '2019-07-09 20:15:53'),
	(100, 167, 109, '2019-07-09 20:15:54', '2019-07-09 20:15:54'),
	(101, 173, 109, '2019-07-09 20:15:55', '2019-07-09 20:15:55'),
	(102, 180, 109, '2019-07-09 20:15:57', '2019-07-09 20:15:57'),
	(103, 186, 109, '2019-07-09 20:15:57', '2019-07-09 20:15:57'),
	(104, 190, 109, '2019-07-09 20:15:58', '2019-07-09 20:15:58'),
	(105, 198, 109, '2019-07-09 20:15:59', '2019-07-09 20:15:59'),
	(106, 204, 109, '2019-07-09 20:16:02', '2019-07-09 20:16:02'),
	(107, 196, 109, '2019-07-09 20:16:03', '2019-07-09 20:16:03'),
	(108, 208, 109, '2019-07-09 20:16:05', '2019-07-09 20:16:05'),
	(109, 214, 109, '2019-07-09 20:16:08', '2019-07-09 20:16:08'),
	(110, 215, 109, '2019-07-09 20:16:10', '2019-07-09 20:16:10'),
	(111, 221, 109, '2019-07-09 20:16:12', '2019-07-09 20:16:12'),
	(112, 226, 109, '2019-07-09 20:16:15', '2019-07-09 20:16:15'),
	(113, 231, 109, '2019-07-09 20:16:23', '2019-07-09 20:16:23'),
	(114, 142, 105, '2019-07-12 12:28:19', '2019-07-12 12:28:19'),
	(115, 143, 105, '2019-07-12 12:28:22', '2019-07-12 12:28:22'),
	(116, 144, 105, '2019-07-12 12:28:24', '2019-07-12 12:28:24');
/*!40000 ALTER TABLE `ketersediaan_ujian` ENABLE KEYS */;

-- Dumping structure for table monta.rmk_dosen
DROP TABLE IF EXISTS `rmk_dosen`;
CREATE TABLE IF NOT EXISTS `rmk_dosen` (
  `id_rmk_dosen` int(11) NOT NULL AUTO_INCREMENT,
  `id_dosen` int(11) DEFAULT NULL,
  `id_rumpun_mk` int(11) DEFAULT NULL,
  PRIMARY KEY (`id_rmk_dosen`)
) ENGINE=InnoDB DEFAULT CHARSET=utf8mb4 COLLATE=utf8mb4_unicode_ci;

-- Dumping data for table monta.rmk_dosen: ~0 rows (approximately)
DELETE FROM `rmk_dosen`;
/*!40000 ALTER TABLE `rmk_dosen` DISABLE KEYS */;
/*!40000 ALTER TABLE `rmk_dosen` ENABLE KEYS */;

-- Dumping structure for table monta.rumpun_mk
DROP TABLE IF EXISTS `rumpun_mk`;
CREATE TABLE IF NOT EXISTS `rumpun_mk` (
  `id_rumpun_mk` int(11) NOT NULL AUTO_INCREMENT,
  `nama_rumpun` varchar(50) COLLATE utf8mb4_unicode_ci DEFAULT NULL,
  PRIMARY KEY (`id_rumpun_mk`)
) ENGINE=InnoDB DEFAULT CHARSET=utf8mb4 COLLATE=utf8mb4_unicode_ci;

-- Dumping data for table monta.rumpun_mk: ~0 rows (approximately)
DELETE FROM `rumpun_mk`;
/*!40000 ALTER TABLE `rumpun_mk` DISABLE KEYS */;
/*!40000 ALTER TABLE `rumpun_mk` ENABLE KEYS */;

-- Dumping structure for table monta.seminar_ta
DROP TABLE IF EXISTS `seminar_ta`;
CREATE TABLE IF NOT EXISTS `seminar_ta` (
  `id_seminar_ta` int(11) NOT NULL AUTO_INCREMENT,
  `id_ta` int(11) DEFAULT NULL,
  `id_js` int(11) DEFAULT NULL,
  `id_penguji1` int(11) DEFAULT NULL,
  `id_penguji2` int(11) DEFAULT NULL,
  `id_penguji3` int(11) DEFAULT NULL,
  `id_penguji4` int(11) DEFAULT NULL,
  `id_penguji5` int(11) DEFAULT NULL,
  `status` int(11) DEFAULT NULL,
  `nilai` char(4) COLLATE utf8mb4_unicode_ci DEFAULT NULL,
  `nilai_angka` int(11) DEFAULT NULL,
  `evaluasi` varchar(200) COLLATE utf8mb4_unicode_ci DEFAULT NULL,
  `file` int(11) DEFAULT NULL,
  `created_at` timestamp NULL DEFAULT NULL,
  `updated_at` timestamp NULL DEFAULT NULL,
  PRIMARY KEY (`id_seminar_ta`),
  KEY `id_ps` (`id_ta`),
  KEY `id_js` (`id_js`)
) ENGINE=InnoDB AUTO_INCREMENT=2 DEFAULT CHARSET=utf8mb4 COLLATE=utf8mb4_unicode_ci;

-- Dumping data for table monta.seminar_ta: ~0 rows (approximately)
DELETE FROM `seminar_ta`;
/*!40000 ALTER TABLE `seminar_ta` DISABLE KEYS */;
INSERT INTO `seminar_ta` (`id_seminar_ta`, `id_ta`, `id_js`, `id_penguji1`, `id_penguji2`, `id_penguji3`, `id_penguji4`, `id_penguji5`, `status`, `nilai`, `nilai_angka`, `evaluasi`, `file`, `created_at`, `updated_at`) VALUES
	(1, 116, 225, 99, 105, 109, NULL, NULL, 1, 'A', 88, 'Good', NULL, '2019-07-12 12:23:00', '2019-07-12 12:26:05');
/*!40000 ALTER TABLE `seminar_ta` ENABLE KEYS */;

-- Dumping structure for table monta.status_ta
DROP TABLE IF EXISTS `status_ta`;
CREATE TABLE IF NOT EXISTS `status_ta` (
  `id_status` int(11) NOT NULL,
  `keterangan` varchar(20) COLLATE utf8mb4_unicode_ci DEFAULT NULL,
  PRIMARY KEY (`id_status`)
) ENGINE=InnoDB DEFAULT CHARSET=utf8mb4 COLLATE=utf8mb4_unicode_ci;

-- Dumping data for table monta.status_ta: ~9 rows (approximately)
DELETE FROM `status_ta`;
/*!40000 ALTER TABLE `status_ta` DISABLE KEYS */;
INSERT INTO `status_ta` (`id_status`, `keterangan`) VALUES
	(-2, 'Batal'),
	(-1, 'Ditolak'),
	(0, 'Mengajukan Judul'),
	(1, 'Menunggu Seminar'),
	(2, 'Revisi'),
	(3, 'OK'),
	(5, 'Maju Sidang'),
	(6, 'Lulus'),
	(7, 'Tidak Lulus');
/*!40000 ALTER TABLE `status_ta` ENABLE KEYS */;

-- Dumping structure for table monta.tugas_akhir
DROP TABLE IF EXISTS `tugas_akhir`;
CREATE TABLE IF NOT EXISTS `tugas_akhir` (
  `id_ta` int(11) NOT NULL AUTO_INCREMENT,
  `id_user` int(11) NOT NULL,
  `id_dosbing1` int(11) DEFAULT NULL,
  `id_dosbing2` int(11) DEFAULT NULL,
  `id_status` int(11) DEFAULT NULL,
  `id_bidang_mk` int(11) DEFAULT NULL,
  `id_rumpun_mk` int(11) DEFAULT NULL,
  `judul` varchar(250) COLLATE utf8mb4_unicode_ci DEFAULT NULL,
  `file` int(11) DEFAULT NULL,
  `temp_dosbing1` int(11) DEFAULT NULL,
  `temp_dosbing2` int(11) DEFAULT NULL,
  `created_at` timestamp NULL DEFAULT NULL,
  `updated_at` timestamp NULL DEFAULT NULL,
  PRIMARY KEY (`id_ta`),
  KEY `nrp` (`id_user`),
  KEY `id_dosbing1` (`id_dosbing1`),
  KEY `id_dosbing2` (`id_dosbing2`)
) ENGINE=InnoDB AUTO_INCREMENT=179 DEFAULT CHARSET=utf8mb4 COLLATE=utf8mb4_unicode_ci;

-- Dumping data for table monta.tugas_akhir: ~69 rows (approximately)
DELETE FROM `tugas_akhir`;
/*!40000 ALTER TABLE `tugas_akhir` DISABLE KEYS */;
INSERT INTO `tugas_akhir` (`id_ta`, `id_user`, `id_dosbing1`, `id_dosbing2`, `id_status`, `id_bidang_mk`, `id_rumpun_mk`, `judul`, `file`, `temp_dosbing1`, `temp_dosbing2`, `created_at`, `updated_at`) VALUES
	(110, 917, NULL, NULL, 0, 2, NULL, 'ANALISA PENGARUH KONSENTRASI PREKURSOR DAN DOPING ALUMINIUM TERHADAP KARAKTERISTIK THIN FILM ZnO SEBAGAI APLIKASI SENSOR GAS SO2 DENGAN METODE DEPOSISI SPRAY PYROLISIS', NULL, 100, 98, '2019-07-09 16:26:47', '2019-07-09 17:23:40'),
	(111, 862, 109, NULL, 0, 2, NULL, 'STUDI PENGARUH ARTIFICIAL AGING PADA PADUAN ALUMINIUM 339 TERHADAP STRUKTUR MIKRO, KEKERASAN, DAN KEKUATAN UNTUK APLIKASI PISTON MAHLE M142', 1, 109, 112, '2019-07-09 16:32:45', '2019-07-09 22:47:22'),
	(112, 932, NULL, NULL, 0, 4, NULL, 'Analisa Pengaruh Rasio Massa Limestone dan Dolomit Terhadap Kadar Ni, Kekuatan, dan Perolehan Sinter Pada Proses Sintering Bijih Nikel Laterit', NULL, 97, 111, '2019-07-09 16:35:59', '2019-07-09 16:35:59'),
	(113, 890, NULL, NULL, 0, 3, NULL, 'ANALISA PENGARUH VARIASI TEMPERATUR REAKSI TERHADAP MORFOLOGI DAN SIFAT TERMAL MIKROKAPSUL POLY (UREA-FORMALDEHID) UNTUK APLIKASI SELF-HEALING COATING', 1, 100, 114, '2019-07-09 16:38:08', '2019-07-10 08:06:35'),
	(114, 878, NULL, NULL, 0, 2, NULL, 'ANALISIS PENGARUH VARIASI MEDIA PENDINGIN PADA HARDENING DAN TEMPERATUR TEMPERING TERHADAP KEKERASAN BAJA AISI 4340 UNTUK APLIKASI POROS POMPA MULTISTAGE', 1, 96, 112, '2019-07-09 16:51:54', '2019-07-09 17:53:23'),
	(115, 881, NULL, NULL, 0, 2, NULL, 'ANALISIS PENGARUH VARIASI HOLDING TIME DAN TEMPERATUR TEMPERING TERHADAP KEKERASAN BAJA AISI 4340 UNTUK KOMPONEN POROS POMPA SENTRIFUGAL MULTISTAGE HORIZONTAL DENGAN METODE KANG DAN LEE EQUATION', 1, 96, 112, '2019-07-09 17:02:53', '2019-07-09 20:24:04'),
	(116, 897, 99, 105, 5, 3, NULL, 'Studi Penambahan Alumunium Hidroksida Terhadap Sifat Mekanik dan Morfologi Komposit Tahan Api Glass Fiber Reinforced Polymer Untuk Material Interior Kereta Api', 1, 99, 105, '2019-07-09 17:04:48', '2019-07-12 12:29:46'),
	(117, 877, NULL, 99, 0, 3, NULL, 'Pengaruh Filler Ampas Tebu dan Agregat Terhadap Sifat Mekanik dan Fisik Cork Concrete Material Lantai Kereta Api', 1, 95, 99, '2019-07-09 17:16:32', '2019-07-09 19:49:07'),
	(118, 954, NULL, NULL, 0, 3, NULL, 'ANALISA PENGARUH PENAMBAHAN PVA PADA ROOM TEMPERATURE VULCANIZED SILICONE RUBBER/ POLY(VINYL ALCOHOL) HYDROGEL TERHADAP SIFAT BIOKOMPATIBILITAS DAN BIODEGRADASI SEBAGAI KANDIDAT MATERIAL PENGGANTI BANTALAN TULANG BELAKANG', 1, 105, 114, '2019-07-09 17:17:39', '2019-07-09 17:44:02'),
	(119, 926, NULL, NULL, 0, 2, NULL, 'ANALISA DISTRIBUSI TEMPERATUR DAN TEGANGAN TERMAL PADA CETAKAN BEDA MATERIAL DALAM PROSES INJECTION MOLDING METODE RAPID HEAT CYCLE MOLDING MENGGUNAKAN METODE ELEMEN HINGGA', 1, 103, 112, '2019-07-09 17:18:24', '2019-07-10 10:25:57'),
	(120, 934, NULL, NULL, 0, 2, NULL, 'Analisis Pengaruh Temperatur dan Holding Time Tempering terhadap Kekerasan Baja AISI 1045 yang di-Hardening untuk Aplikasi Poros Mesin Uap', NULL, 96, 112, '2019-07-09 17:19:25', '2019-07-09 17:19:25'),
	(121, 912, NULL, NULL, 0, 1, NULL, 'ANALISA PENGARUH BENTUK ANODA DAN MEDIA ELEKTROLIT TERHADAP KARAKTERISTIK EFISIENSI ANODA KORBAN METODE IMMERSI DENGAN PENGUJIAN DNVGL-RPB401', 1, 107, 102, '2019-07-09 17:20:05', '2019-07-09 17:54:51'),
	(122, 873, NULL, 109, 0, 2, NULL, 'Studi Pengaruh Natural Aging Terhadap Struktur Mikro, Sifat Mekanik, dan Konduktivitas Listrik Paduan Aluminium 6061', 1, 96, 109, '2019-07-09 17:26:28', '2019-07-09 20:08:39'),
	(123, 953, 99, NULL, 0, 3, NULL, 'ANALISA PENAMBAHAN HIDROGEL POLYVINYL ALCOHOL PADA ROOM TEMPERATURE VULCANIZED SILICONE RUBBER / POLYVINYL ALCOHOL TERHADAP SIFAT FISIK DAN MEKANIK SEBAGAI KANDIDAT MATERIAL ALTERNATIF PENGGANTI BANTALAN TULANG BELAKANG', NULL, 99, 114, '2019-07-09 17:27:12', '2019-07-09 19:49:00'),
	(124, 937, NULL, NULL, 0, 1, NULL, 'ANALISIS PENGAURH LUAS PERMUKAAN DAN JENIS KATODA TERHADAP EFISIENSI ANODA PADA PENGUJIAN IMERSI DENGAN MENGGUNAKAN METODE DNV GL RP-B401', 1, 107, 102, '2019-07-09 17:27:22', '2019-07-10 07:21:22'),
	(125, 874, 94, 101, 0, 2, NULL, 'Pengaruh Tegangan dan Lapisan Dasar Tembaga Nikel pada Proses Elektroplating Kuningan terhadap Ketebalan,Kelekatan, dan Kekilapan Lapisan', 1, 94, 101, '2019-07-09 17:28:12', '2019-07-11 10:42:28'),
	(126, 875, NULL, NULL, 0, 2, NULL, 'Pengaruh Heat Input dan Variasi Komposisi Shielding Gas Terhadap Struktur Mikro dan Sifat Mekanik Sambungan Baja Karbon Rendah JIS G3101 Hasil Gas Metal Arc Welding (GMAW) Sebagai Aplikasi Arm Excavator di PT. X', NULL, 108, 112, '2019-07-09 17:30:12', '2019-07-09 17:30:12'),
	(127, 882, NULL, NULL, 0, 2, NULL, 'Analisa Pengaruh Temperatur dan Waktu Deposisi Terhadap Karakteristik Lapisan Tipis Aluminium-Doped Zinc Oxide dengan Metode Spray Pyrolysis Deposition Untuk Aplikasi Kaca Konduktif Transparan', NULL, 100, 98, '2019-07-09 17:32:10', '2019-07-09 17:32:10'),
	(128, 915, NULL, NULL, 0, 2, NULL, 'Analisa Pengaruh Penambahan Energizer Na2CO3 Pada Proses Carburizing Dengan Variasi Waktu Tahan Terhadap Kekerasan dan Struktur Mikro Baja Karbon Medium', 1, 96, 112, '2019-07-09 17:37:19', '2019-07-10 05:45:09'),
	(129, 942, NULL, NULL, 0, 3, NULL, 'Analisa Pengaruh Kecepatan Agitasi Terhadap Morfologi dan Sifat Termal Mikrokapsul Poly(Urea-formaldehid) Untuk Aplikasi Self-healing Coating', 1, 100, 114, '2019-07-09 17:49:58', '2019-07-10 10:30:20'),
	(130, 856, NULL, NULL, 0, 1, NULL, 'Pengaruh Penambahan  Alumina (AL2O3) dan Silika (SIO2) Terhadap Daya Lekat dan Ketahanan Abrasi Cat Epoksi', NULL, 100, 107, '2019-07-09 17:54:06', '2019-07-09 17:54:06'),
	(131, 939, NULL, 99, 0, 3, NULL, 'Studi Pengaruh Komposisi Filler Limbah Ampas Tebu yang Diperkuat Wire-mesh terhadap Sifat Fisis dan Sifat Mekanik Komposit Untuk Aplikasi Papan Partikel Semen', NULL, 108, 99, '2019-07-09 17:55:48', '2019-07-09 19:49:10'),
	(132, 867, NULL, NULL, 0, 1, NULL, 'ANALISA KEGAGALAN PADA SHAFT MESIN CIRCULATING WATER PUMP DI PEMBANGKIT LISTRIK PT. X', NULL, 107, 102, '2019-07-09 18:05:35', '2019-07-09 18:05:35'),
	(133, 899, NULL, 99, 0, 3, NULL, 'STUDI PENGARUH VARIASI KOMPOSISI FILLER HIGH DENSITY POLYETHYLENE (HDPE) YANG DIPERKUAT WIRE MESH TERHADAP SIFAT FISIS DAN SIFAT MEKANIK MATERIAL KOMPOSIT UNTUK APLIKASI PAPAN PARTIKEL SEMEN', NULL, 108, 99, '2019-07-09 18:09:56', '2019-07-09 19:49:12'),
	(134, 906, NULL, NULL, 0, 1, NULL, 'Analisa Pengaruh Variasi Konsentrasi, Temperatur dan Waktu Perendaman Ekstrak Biji Juwet (Syzygium cumini) sebagai Inhibitor Baja API 5L Grade B dengan Media HCl 1M', 1, 94, NULL, '2019-07-09 18:11:33', '2019-07-09 18:28:28'),
	(135, 929, NULL, NULL, 0, 3, NULL, 'ANALISA PENGARUH KONSENTRASI CETYLTRIMETHYL AMMONIUM BROMIDE (CTAB) TERHADAP DISOLUSI RATA-RATA PIROXICAM PADA NANOPARTIKEL SILIKA MESOPORI MCM-41', 1, 98, 119, '2019-07-09 18:24:49', '2019-07-09 19:35:26'),
	(136, 883, NULL, NULL, 0, 4, NULL, 'STUDI VARIASI JENIS FLUKS TERHADAP KADAR Ni, KEKUATAN DAN PEROLEHAN SINTER PADA PROSES SINTERING BIJIH NIKEL LATERIT', 1, 97, 111, '2019-07-09 18:30:23', '2019-07-09 18:34:39'),
	(137, 946, NULL, NULL, 0, 3, NULL, 'Karakterisasi komposit resin fenolik berpenguat serat ampas tebu untuk aplikasi kampas rem bebas asbestos', NULL, 95, 119, '2019-07-09 18:41:50', '2019-07-09 18:41:50'),
	(138, 866, NULL, NULL, 0, 4, NULL, 'Analisa Pengaruh Variasi Tebal Bed Terhadap Kadar Ni, Kekuatan Sinter, dan Perolehan Sinter pada Proses Sintering Bijih Nikel Laterit', 1, 97, 111, '2019-07-09 19:05:04', '2019-07-09 19:13:07'),
	(139, 880, NULL, NULL, 0, 3, NULL, 'PENGARUH VARIASI TEMPERATUR KALSINASI KOMPOSIT rGO/ZNO/TiO2 TERHADAP SIFAT FOTOKATALITIK UNTUK DEGRADASI RHODAMINE-B', 1, 98, 110, '2019-07-09 19:09:35', '2019-07-09 19:10:34'),
	(140, 879, NULL, NULL, 0, 1, NULL, 'PENGARUH VARIASI TEMPERATUR DAN WAKTU ELEKTROPLATING SENG TERHADAP KETEBALAN, KEKUATAN LEKAT, DAN KETAHANAN BAJA AISI 1020', 1, 94, 119, '2019-07-09 19:21:13', '2019-07-09 20:07:50'),
	(141, 923, NULL, NULL, 0, 4, NULL, 'Analisa Pengaruh Variasi Ukuran Arang terhadap Kadar Ni, Kekuatan dan Perolehan Sinter pada Proses Sintering Bijih Nikel Laterit', 1, 97, 111, '2019-07-09 19:27:42', '2019-07-09 19:41:15'),
	(142, 931, NULL, NULL, 0, 3, NULL, 'SINTESIS DAN KARAKTERISASI INJECTABLE HYDROGEL BIOKOMPOSIT ALGINAT/PVA/rGO UNTUK APLIKASI REKAYASA JARINGAN', NULL, 105, 114, '2019-07-09 19:40:32', '2019-07-09 19:40:32'),
	(143, 891, NULL, NULL, 0, 3, NULL, 'ANALISIS PENGARUH PENAMBAHAN GREEN REDUCTOR FERROUS PADA PROSES SINTESIS REDUCED GRAPHENE OXIDE (rGO) TERHADAP SIFAT KAPASITIF SUPERKAPASITOR', 1, 98, 110, '2019-07-09 20:12:24', '2019-07-09 20:29:47'),
	(144, 944, NULL, NULL, 0, 4, NULL, 'ANALISIS PENGARUH VARIASI PERSENTASE MASSA BATU BARA TERHADAP KADAR Ni, KEKUATAN DAN PEROLEHAN SINTER PADA PROSES SINTERING BIJIH NIKEL LATERIT', 1, 97, 111, '2019-07-09 20:50:02', '2019-07-09 20:53:50'),
	(145, 889, NULL, NULL, 0, 3, NULL, 'Pengaruh Cobalt Naphthenate sebagai Akselerator terhadap Sifat Mekanik Komposit Epoksi/Serat Kaca untuk Material Bilah Turbin Angin', 1, 105, 106, '2019-07-09 20:54:30', '2019-07-09 21:01:44'),
	(146, 905, NULL, NULL, 0, 3, NULL, 'PENGARUH UKURAN DAN KOMPOSISI SERAT TERHADAP NILAI SOUND TRANSMISSION CLASS KOMPOSIT POLIESTER BERPENGUAT SERAT RAMI UNTUK APLIKASI MATERIAL AKUSTIK', NULL, 95, 98, '2019-07-09 21:14:31', '2019-07-09 21:14:31'),
	(147, 863, NULL, NULL, 0, 3, NULL, 'STUDI PENAMBAHAN COUPLING AGENT AMINOPROPYLTRIETHOXYSILANE (APTES) TERHADAP SIFAT MEKANIK DAN MORFOLOGI KOMPOSIT EPOKSI/SERAT KACA UNTUK LAMBUNG KAPAL', 1, 105, 110, '2019-07-09 21:14:33', '2019-07-09 21:24:00'),
	(148, 865, NULL, NULL, 0, 1, NULL, 'PENGARUH VARIASI KONSENTRASI EKSTRAK DAUN JAMBU BIJI SEBAGAI INHIBITOR KOROSI TERHADAP LAMA PERENDAMAN DAN TEMPERATUR UNTUK MENGANALISA LAJU KOROSI PADA BAJA API 5L GRADE B DALAM MEDIA HCl 1M', 1, 94, 107, '2019-07-09 21:19:59', '2019-07-09 21:24:58'),
	(149, 922, NULL, NULL, 0, 3, NULL, 'Analisa Pengaruh Perlakuan Alkalisasi Serat dan Penambahan Nanoselulosa Terhadap Nilai Sound Transmission Loss Komposit Poliester / Serat Rami / Nanoselulosa Untuk Aplikasi Material Akustik.', 1, 95, 119, '2019-07-09 21:28:00', '2019-07-10 00:19:48'),
	(150, 868, NULL, NULL, 0, 1, NULL, 'ANALISA FAKTOR INTENSITAS TEGANGAN DAN USIA SIKLUS PADA SIMULASI PERAMBATAN RETAK KOMPONEN POROS MESIN UAP MENGGUNAKAN METODE SMART CRACK GROWTH', 1, 103, 96, '2019-07-09 21:28:01', '2019-07-10 10:37:42'),
	(151, 914, NULL, NULL, 0, 3, NULL, 'PENGARUH VARIASI MASSA REDUCED GRAPHENE OXIDE TERHADAP SIFAT FOTOKATALITIK KOMPOSIT ZnO/REDUCED GRAPHENE OXIDE UNTUK DEGRADASI METHYLENE BLUE', NULL, 98, 110, '2019-07-09 21:31:36', '2019-07-09 21:31:36'),
	(152, 947, NULL, NULL, 0, 1, NULL, 'ANALISA PENGARUH VARIASI KONSENTRASI LARUTAN ELEKTROLIT ZINC CHLORIDE ACID TERHADAP KETEBALAN, KEKUATAN LEKAT, DAN KETAHANAN KOROSI BAJA AISI 1020 DENGAN METODE ELEKTROPLATING', 1, 94, 119, '2019-07-09 21:39:43', '2019-07-09 21:41:03'),
	(153, 951, NULL, NULL, 0, 1, NULL, 'Analisa Pengaruh Variasi Konsentrasi, Temperatur dan Waktu Perendaman Menggunakan Inhibitor Ekstrak Daun Pepaya dalam Larutan HCL 1M terhadap Baja API 5 L Grade B', 1, 94, 102, '2019-07-09 21:41:10', '2019-07-09 23:22:45'),
	(154, 893, NULL, NULL, 0, 3, NULL, 'KARAKTERISASI KOMPOSIT RESIN EPOKSI BERPENGUAT SELULOSA AMPAS TEBU UNTUK APLIKASI KAMPAS REM BEBAS ASBESTOS', 1, 95, 119, '2019-07-09 22:04:59', '2019-07-09 22:09:27'),
	(155, 892, NULL, NULL, 0, 3, NULL, 'STUDI SIFAT MEKANIK DAN MORFOLOGI TERMOSET BIORESIN UNSATURATED POLYESTER/MINYAK NABATI SEBAGAI LAMINATING RESIN UNTUK APLIKASI LAMBUNG KAPAL SESUAI STANDAR BIRO KLASIFIKASI INDONESIA', 1, 105, 99, '2019-07-09 22:08:00', '2019-07-09 22:17:32'),
	(156, 949, NULL, NULL, 0, 3, NULL, 'Pengaruh Penambahan Massa Reduced Graphene Oxide Terhadap Sifat Fotokatalitik CuO/Reduced Graphene Oxide Untuk Degradasi Methylene Blue', 1, 98, 110, '2019-07-09 22:37:06', '2019-07-09 22:38:41'),
	(157, 918, NULL, NULL, 0, 3, NULL, 'PENGARUH KATALIS SENG ASETAT TERHADAP BERAT MOLEKUL, BIODEGRADASI, DAN WATER ABSORPTION PADA BIOPLASTIK POLI(ASAM LAKTAT) HASIL SINTESIS METODE RING  OPENING POLIMERIZATION LAKTIDA DARI ASAM LAKTAT', 1, 105, 106, '2019-07-09 22:46:10', '2019-07-09 22:49:05'),
	(158, 911, NULL, NULL, 0, 2, NULL, 'Pengaruh Temperatur dan Waktu Tahan Artificial Aging Terhadap Kekuatan, Kekerasan dan Struktur Mikro Paduan Aluminium 339 Untuk Aplikasi Piston Mahle M142', 1, 109, 112, '2019-07-09 22:46:19', '2019-07-09 22:47:27'),
	(159, 876, NULL, NULL, 0, 1, NULL, 'PENGARUH VARIASI KONSENTRASI EKSTRAK DAUN PANDAN SEBAGAI INHIBITOR KOROSI TERHADAP TEMPERATUR DAN LAMA PERENDAMAN UNTUK MENGANALISA LAJU KOROSI MENGGUNAKAN BAJA API 5L GRADE B DALAM LARUTAN HCL 1M', 1, 94, 107, '2019-07-09 23:06:25', '2019-07-09 23:15:57'),
	(160, 938, NULL, NULL, 0, 3, NULL, 'ANALISA ABSORPSI SUARA DAN PENYERAPAN GELOMBANG MIKRO KOMPOSIT SILICONE RUBBER BERPENGUAT BARIUM HEKSAFERRIT DOPPING Zn, NANOSELULOSA DAN SERAT BAMBU BETUNG', 1, 95, 119, '2019-07-09 23:31:21', '2019-07-09 23:32:28'),
	(161, 927, NULL, NULL, 0, 2, NULL, 'Simulasi dan Permodelan Proses Artificial Aging Pada Piston Berbahan Paduan Aluminium 6061 Menggunakan Metode Elemen Hingga', 1, 103, 109, '2019-07-10 00:15:49', '2019-07-10 00:16:47'),
	(162, 858, NULL, NULL, 0, 1, NULL, 'Perancangan Sistem Proteksi Katodik Arus Paksa pada Pipa Baja API 5L Grade B Dengan Variasi Jenis Backfill Menggunakan Sumber Arus Listrik Baterai', 1, 107, 102, '2019-07-10 00:39:29', '2019-07-10 01:40:59'),
	(163, 919, NULL, NULL, 0, 1, NULL, 'PENGARUH KONSENTRASI POLYCAPROLACTONE SEBAGAI POST TREATMENT TERHADAP LAJU DEGRADASI PADUAN MAGNESIUM AZ31B YANG TEROKSIDASI UNTUK APLIKASI BIODEGRADABLE ORTHOPEDIC DEVICES', 1, 100, 110, '2019-07-10 00:43:47', '2019-07-10 01:05:16'),
	(164, 895, NULL, NULL, 0, 3, NULL, 'ANALISIS KINERJA DAN EFISIENSI CONTINUOUS FURNACE UNTUK APLIKASI PRODUKSI FRANGIBLE BULLET', 1, 106, 108, '2019-07-10 01:04:17', '2019-07-10 01:07:43'),
	(165, 950, NULL, NULL, 0, 2, NULL, 'Pengaruh Variasi Media Pendingin pada Proses Heat Treatment Cu-23,6 Zn-5 Al Shape Memory Alloys terhadap Efek Shape Memory dan Struktur Mikro', 1, 109, 112, '2019-07-10 02:23:15', '2019-07-10 02:41:12'),
	(166, 894, NULL, NULL, 0, 3, NULL, 'Simulasi Frangibilitas dan Analisis Frangibility Factor Peluru Frangible dengan Metode Explicit Dynamics', 1, 106, 103, '2019-07-10 02:48:04', '2019-07-10 04:23:24'),
	(167, 887, NULL, NULL, 0, 3, NULL, 'ANALISIS PENGARUH PENGUATAN SERAT KARBON TERHADAP KARAKTERISTIK DELAMINASI PADA DOUBLE CANTILEVER BEAM DENGAN MENGGUNAKAN COHESIVE ZONE MODEL', 1, 103, 106, '2019-07-10 03:49:34', '2019-07-10 05:39:03'),
	(168, 900, NULL, NULL, 0, 4, NULL, 'STUDI PENGARUH VARIASI MASSA LIMESTONE TERHADAP KADAR Ni DAN Fe, RECOVERY Ni DAN Fe, SERTA SENYAWA PADA PRODUK LOGAM DAN SLAG PADA PROSES SMELTING BIJIH NIKEL LATERIT MENGGUNAKAN MINI BLAST FURNACE', 1, 97, 111, '2019-07-10 07:39:27', '2019-07-10 07:49:34'),
	(169, 936, NULL, NULL, 0, 3, NULL, 'PENGARUH PENAMBAHAN KOMPOSISI rGO TERHADAP BIOKOMPATIBILITAS DAN  DEGRADASI HIDROLITIK  MATERIAL INJECTABLE KOMPOSIT HIDROGEL ALGINAT/PVA/rGO UNTUK APLIKASI TISSUE ENGINEERING', NULL, 99, 114, '2019-07-10 08:23:22', '2019-07-10 08:23:22'),
	(170, 909, NULL, NULL, 0, 3, NULL, 'PENGARUH KOMPOSISI FILLER LIMBAH CANGKANG KERANG DAN AMPAS TEBU TERHADAP SIFAT FISIS DAN MEKANIK KOMPOSIT UNTUK APLIKASI PAPAN PARTIKEL SEMEN', 1, 102, 99, '2019-07-10 08:49:05', '2019-07-10 08:50:36'),
	(171, 903, NULL, NULL, 0, 3, NULL, 'Pengaruh Penambahan chitosan terhadap sifat fisik dan mekanik  komposit silicone rubber rtv 585/chitosan sebagai kandidat injectable material untuk pengganti bantalan tulang belakang', 1, 100, 114, '2019-07-10 09:06:16', '2019-07-10 09:48:27'),
	(172, 910, NULL, NULL, 0, 3, NULL, 'ANALISA PENGARUH PENAMBAHAN CHITOSAN SOLUTION TERHADAP SIFAT BIOKOMPATIBILITAS DAN  HYDROLITIC DEGRADATION KOMPOSIT SILICONE RUBBER RTV 585/ CHITOSAN SEBAGAI KANDIDAT MATERIAL UNTUK PENGGANTI BANTALAN TULANG BELAKANG', NULL, 100, 114, '2019-07-10 09:50:52', '2019-07-10 09:50:52'),
	(173, 941, NULL, NULL, 0, 2, NULL, 'Analisis Simulasi Numerik Pengaruh Variasi Ukuran Side Clearance Groove dan Hardening terhadap Peningkatan Umur Piston Al-Si Eksavator Hidrolik KOMATSU PC-300', 1, 103, 109, '2019-07-10 10:11:27', '2019-07-10 10:14:38'),
	(174, 925, NULL, NULL, 0, 2, NULL, 'Simulasi Perambatan Retak pada Baja dan Aluminium Akibat Pembebanan Statis dengan Menggunakan Metode Elemen Hinggaq', NULL, 103, 108, '2019-07-10 10:14:50', '2019-07-10 10:14:50'),
	(175, 933, NULL, NULL, 0, 3, NULL, 'STUDI PENGARUH VARIASI KOMPOSISI FILLER POLYPROPYLENE (PP) YANG DIPERKUAT OLEH WOVEN FIBERGLASS TERHADAP SIFAT FISIS DAN SIFAT MEKANIK KOMPOSIT UNTUK APLIKASI PAPAN PARTIKEL SEMEN', 1, 99, 103, '2019-07-10 10:30:50', '2019-07-10 10:34:00'),
	(176, 864, NULL, NULL, 0, 2, NULL, 'Pengaruh Variasi Media Pendingin pada Proses Heat Treatment Cu-21,8Zn-7Al Shape Memory Alloy terhadap Efek Shape Memory dan Struktur Mikro', 1, 109, 112, '2019-07-10 10:39:40', '2019-07-10 10:41:10'),
	(177, 859, NULL, NULL, 0, 2, NULL, 'Analisa Sifat Akustik, Fisik,  dan Mekanik Komposit Poliester Berpenguat Serat Rami dan Bambu Untuk Aplikasi Penyerap Suara', NULL, 102, 95, '2019-07-10 10:50:13', '2019-07-10 10:50:13'),
	(178, 861, NULL, NULL, 0, 4, NULL, 'gdsgsgzdgszdg', NULL, 108, 116, '2019-09-03 20:18:58', '2019-09-03 20:18:58');
/*!40000 ALTER TABLE `tugas_akhir` ENABLE KEYS */;

-- Dumping structure for table monta.ujian_ta
DROP TABLE IF EXISTS `ujian_ta`;
CREATE TABLE IF NOT EXISTS `ujian_ta` (
  `id_ujian_ta` int(11) NOT NULL AUTO_INCREMENT,
  `id_ta` int(11) DEFAULT NULL,
  `id_ju` int(11) DEFAULT NULL,
  `id_penguji1` int(11) DEFAULT NULL,
  `nilai_penguji1` int(11) DEFAULT NULL,
  `id_penguji2` int(11) DEFAULT NULL,
  `nilai_penguji2` int(11) DEFAULT NULL,
  `id_penguji3` int(11) DEFAULT NULL,
  `nilai_penguji3` int(11) DEFAULT NULL,
  `id_penguji4` int(11) DEFAULT NULL,
  `nilai_penguji4` int(11) DEFAULT NULL,
  `id_penguji5` int(11) DEFAULT NULL,
  `nilai_penguji5` int(11) DEFAULT NULL,
  `status` int(11) DEFAULT NULL,
  `nilai` char(4) COLLATE utf8mb4_unicode_ci DEFAULT NULL,
  `nilai_angka` int(11) DEFAULT NULL,
  `evaluasi` varchar(200) COLLATE utf8mb4_unicode_ci DEFAULT NULL,
  `file` int(11) DEFAULT NULL,
  `created_at` timestamp NULL DEFAULT NULL,
  `updated_at` timestamp NULL DEFAULT NULL,
  PRIMARY KEY (`id_ujian_ta`),
  KEY `id_pu` (`id_ta`),
  KEY `id_ju` (`id_ju`)
) ENGINE=InnoDB AUTO_INCREMENT=2 DEFAULT CHARSET=utf8mb4 COLLATE=utf8mb4_unicode_ci;

-- Dumping data for table monta.ujian_ta: ~0 rows (approximately)
DELETE FROM `ujian_ta`;
/*!40000 ALTER TABLE `ujian_ta` DISABLE KEYS */;
INSERT INTO `ujian_ta` (`id_ujian_ta`, `id_ta`, `id_ju`, `id_penguji1`, `nilai_penguji1`, `id_penguji2`, `nilai_penguji2`, `id_penguji3`, `nilai_penguji3`, `id_penguji4`, `nilai_penguji4`, `id_penguji5`, `nilai_penguji5`, `status`, `nilai`, `nilai_angka`, `evaluasi`, `file`, `created_at`, `updated_at`) VALUES
	(1, 116, 142, 99, 89, 105, 86, 109, 81, NULL, NULL, NULL, NULL, 1, 'AB', 85, 'Mantap', NULL, '2019-07-12 12:29:00', '2019-07-12 14:05:58');
/*!40000 ALTER TABLE `ujian_ta` ENABLE KEYS */;

-- Dumping structure for table monta.user
DROP TABLE IF EXISTS `user`;
CREATE TABLE IF NOT EXISTS `user` (
  `id_user` int(11) NOT NULL AUTO_INCREMENT,
  `username` varchar(20) COLLATE utf8mb4_unicode_ci NOT NULL,
  `password` varchar(65) COLLATE utf8mb4_unicode_ci DEFAULT NULL,
  `role` int(11) NOT NULL,
  `nama` varchar(50) COLLATE utf8mb4_unicode_ci DEFAULT NULL,
  PRIMARY KEY (`id_user`),
  UNIQUE KEY `username` (`username`)
) ENGINE=InnoDB AUTO_INCREMENT=1006 DEFAULT CHARSET=utf8mb4 COLLATE=utf8mb4_unicode_ci;

-- Dumping data for table monta.user: ~127 rows (approximately)
DELETE FROM `user`;
/*!40000 ALTER TABLE `user` DISABLE KEYS */;
INSERT INTO `user` (`id_user`, `username`, `password`, `role`, `nama`) VALUES
	(1, 'admin', '$2y$10$ti2nEXDMJWTmKylICG/4.uxnPuHvumlNnv1ZrjE9rB.li9bOJWylW', 3, 'admin'),
	(855, '02511140000108', '$2y$10$V7QhTCiKrdq7n.ooffx8..Ir8kD8tb9XQVDb7rs4JszO4IGkmfndm', 1, 'GABRIEL FEBRUANDO'),
	(856, '02511140000134', '$2y$10$nnZV3fpahrlnXIKNERsRDOU12yCK4EpN3SE6rE5OWo2zUrbihrus.', 1, 'DHARMA KIYAT PERKASA'),
	(857, '02511240000094', '$2y$10$ewmGUUK/O0ZkVCymVtPBre0gniuLzQ73mB.3uQLy7c/hJlEVWzCrq', 1, 'DESI SAPANG'),
	(858, '02511340000021', '$2y$10$bnb22tCjA/nTu8phfo2I2.vEaS68xGLucHFbdkdqmnkoAkkKtAMd2', 1, 'BAYU MUHAMMAD AJI'),
	(859, '02511440000021', '$2y$10$JqClbnIgWGUrF5tLXaRik.VQ8lpjnDjqAXlVWDdjRgh.QYUFF5eJS', 1, 'DANI WULANDARI'),
	(860, '02511440000051', '$2y$10$WwxH2t82r7U4V9yynGLlD.OQ69c/wwOLN5KNR4dlKcUpcbYlyd46q', 1, 'YUNANTARA I KADEK'),
	(861, '02511440000107', '$2y$10$QLEySsmVS0R0ynS6/2Oahubzaqp4nGZqP1fpmXhI.CzHpCGNf3iby', 1, 'MUHAMMAD WALID A'),
	(862, '02511540000003', '$2y$10$IUoYmuMtiL0VN6uxFucKvOmbrAyU3OvaM/k1LXzCV6sdBYecZxn4i', 1, 'Iqbal Azka Al Hamid'),
	(863, '02511540000004', '$2y$10$zqlFZf9dqpBqkL4xpR99aO/LELHlgHBwgbBH2n8ZEyLAPKH0k47eK', 1, 'Faris Mahdi Kholiq'),
	(864, '02511540000005', '$2y$10$UN6x4jP/wKkzX1O0ejKoPO.X1cezLcbOxbA8xHTWA9jTtPw9GxTya', 1, 'Garias Devara'),
	(865, '02511540000007', '$2y$10$FVQgjUQ748.EujMUAbMD6esYAfqa6FI67zgVCCrb5wO/GAlJ0kTKm', 1, 'Muhammad Ghifari Pratama'),
	(866, '02511540000008', '$2y$10$mLWFFzbiy/PXR3LFIS5Mm.285AaZV04cXJ9AwoywKDyhN/SnU1Zu2', 1, 'Galih Dwiyan Putra'),
	(867, '02511540000010', '$2y$10$YX5M7eos6Khed3yQgheAVeNp5q0F4XI3Qo0yZ3A4uRwq1DXCZYcVu', 1, 'Brian Hariman Triantoro'),
	(868, '02511540000012', '$2y$10$HPEuaViF76YV3N6BDCsX.enS3533jz0rdSIgN3Wr/RMgu8EU2ISum', 1, 'Anky Fitrian Wibowo'),
	(869, '02511540000013', '$2y$10$4P6MBF1eBO.Wrl4zelm0ze5lKN9D/UC7pK3v9aH2PFv1bFc7LvTRC', 1, 'Ronald Brian'),
	(870, '02511540000014', '$2y$10$arohFUz7LO6mzu3CRNc3tek3uTS2fU0v5Zw882h2DDrtaydRIJbo.', 1, 'Hanif Prakusya'),
	(871, '02511540000015', '$2y$10$DQuYUUeSVGWyRY.Q8vp.LeJhKlaneOCOm6ySoGK0GWKTzcnT3eojW', 1, 'Arif Tri Kurniawan'),
	(872, '02511540000016', '$2y$10$PgNk6lhsN7M3ykzgKYEk7uya66Co3Mf2TswHmDxP6/VCKPyZea7ui', 1, 'Muhammad Maulana'),
	(873, '02511540000019', '$2y$10$wQcJk5Sr30mW16ukanKm9OWblwni5zT8QWLn2Rhpj1Ie4MlzBm..W', 1, 'Muhammad Rafi Wirawan Putra'),
	(874, '02511540000020', '$2y$10$FTmCJ7jPaDCXCHzYhOj28OpiI3Ah9cuuM0UEKdIyJZ8K5vZkDc73O', 1, 'Nella Mauretha'),
	(875, '02511540000021', '$2y$10$YaXhivYw.t58bS.m8elJjeAzpaVJDCtRJpYa.iKyEK6BZMdxKdLz2', 1, 'Ajeng Prameswati'),
	(876, '02511540000023', '$2y$10$4/3Mci2rHiWTBldTD3J3LeN8rSpOsP/X1Qh25.5y8HSaws9bNXkQ2', 1, 'Fikra Muhammad Iqbal'),
	(877, '02511540000025', '$2y$10$7HhhU7SttZEsbNEMi9q4Qef.Oi1R3Stc8LHJ.d9gD2.vXfHlDjihG', 1, 'Tri Wahyuni'),
	(878, '02511540000026', '$2y$10$iTOh4lUFo7t39lWajHEQRubvDNw7rxgo.1OtwtkTNwAWfzDFZWtyK', 1, 'Rosa Amalia Dwi Andika'),
	(879, '02511540000027', '$2y$10$CRN99aSPWPVIcyRctPtDJOPrw7woEtmyNkG0RHwrN2i6y0JjCdNEu', 1, 'Handis Zuniandra'),
	(880, '02511540000028', '$2y$10$e2zOM4vwfJjTK3fr59hv0u4O73Llk9iJ.G2ZSRNG2AoL2CkOuHmuO', 1, 'Nikmah'),
	(881, '02511540000029', '$2y$10$wR3UnFRx9HHOXGNZs9x2QOkl2/hASHYuOJgsTq3mKD8bZdqhd77/u', 1, 'Ghazi Labib Naufal Insan'),
	(882, '02511540000030', '$2y$10$TiKFcDfBLCBfQvHnnljvXOM.Tk602eExEuO/x5o2RR8tJDIf6gRfK', 1, 'Diaz Perdana'),
	(883, '02511540000031', '$2y$10$XD0ieqOlOygPajOfGvfMG.8HVt43du9dt93SVJics2q68bcfSnzMa', 1, 'Pambayun Indria Nindhita'),
	(884, '02511540000033', '$2y$10$bhQ8xH1viV7cDP1yaHbQS..X5fey65Zp7HH7otwbbsOfv1oNqQs4a', 1, 'Kurnia Reza Septandri'),
	(885, '02511540000034', '$2y$10$hdAdDePno8MN3X76jcuT2.0p6GvWIRG8SJOmuQdyyRZu87EkmLLkK', 1, 'Ibrahim Ali Ramdhani'),
	(886, '02511540000035', '$2y$10$EEK7npPQFjngPQYExtPwhebMtaCWMYgCu39mYzIPwuylNjyPHgnRS', 1, 'Ismail Fatah Robbani'),
	(887, '02511540000036', '$2y$10$WShuldlwn4cbmlVfuTzT5efNC8/v117cFq1mfAN12makDyAQrJLxu', 1, 'Kuni Ulya'),
	(888, '02511540000037', '$2y$10$Yk0jLvHB9okoJC9ONKdPhuBAkEzLRy790lXTYqxMloYmwQGLW/JBm', 1, 'Firman Azharudien Hanggara'),
	(889, '02511540000038', '$2y$10$bM2aAXwWyQ9yBwunkMk/jOmEs2MNknrkUYiiPz4zoXrbt2kVxMduq', 1, 'Ihzat Mahendra Ismail'),
	(890, '02511540000039', '$2y$10$fObzyjtXgTYZSO4CXd5YW.XFJxxMsgzHIcP7QqZWxoFHUJm3Im2BS', 1, 'Taufiq Byomantoro Hanurogo'),
	(891, '02511540000040', '$2y$10$9JPUWvIwvZ7h/Bu36HHeOuqVBq7mfzx9mH2BXKBInmvkBNEf/lalm', 1, 'David Septian Sinaga'),
	(892, '02511540000041', '$2y$10$pcWoJjhhFM/qxu/0g8qSaeegBjqeplO8Wa5N5mZcA3wkMRBW4MoI6', 1, 'Galih Yuniardi F.'),
	(893, '02511540000042', '$2y$10$qCvJi8yvK3tOVUGc9sb1iepiE.uLpM3SdcQJc9BZw9ozVtWgsZtNe', 1, 'Audi Armadhani'),
	(894, '02511540000044', '$2y$10$ZYUJ3hiNdl3IkfyQtu0hreGwgIiPpEfD77yn0DQnL8KLJ/cazer6W', 1, 'Holly Indi Ramadhian'),
	(895, '02511540000046', '$2y$10$rCt2umfKVBlEcOrwSstiv./U0Ti52T2vx4jGUZgd1EL6NKZS0nS/i', 1, 'Muhammad Fahmi Dwi Rizaldi'),
	(896, '02511540000052', '$2y$10$9XzTF8/TQ/yYvZ8NZMnIsuBxHQlUvvE7GPvBwbXJFtjK1dk6gxPNS', 1, 'Muhammad Wildan Ibnu Saputra'),
	(897, '02511540000053', '$2y$10$b2OnJC8koxjOhrpfF6.chuCNy5dc0MesVrolyD4Kj.YDBcLBHf3Hi', 1, 'Muhammad Lutfi Hidayat'),
	(898, '02511540000054', '$2y$10$5p5g/o1Dt6dz7C2VMqkC2e3IkvGkQz7GVlflPetYFI8a5sX2w5nTm', 1, 'Aldi Putra Riyanto'),
	(899, '02511540000055', '$2y$10$.wSa9eNYSrDX0ggONcgO9ersmkWTgV3pnh4jBnEHKZuZb.8mOw.Xu', 1, 'Amirul Ghufron An Najib'),
	(900, '02511540000056', '$2y$10$rUgqBEo8NJL2vbWzS1h3SuSqVhtdlRx4mmKklSE8IVkF4YexgZfeq', 1, 'Patrick Christopher Panggabean'),
	(901, '02511540000057', '$2y$10$XvqYLpFh5TaeDxeehFg0dOtcSzfX/Dzhk/9CTdSRvikv5eDOCMREi', 1, 'Yoga Mugiyo Pratama'),
	(902, '02511540000059', '$2y$10$FvIp4BU3hy1UrX6wnPcdKu4gazyzZ9/L4UMS7vAo0Ef8V5FnxVPLi', 1, 'Berryl Ilham Yuditfiansyah'),
	(903, '02511540000060', '$2y$10$XP94ULAukfvxu0yj.V3hROU.vPI68Tj0nZguNq6OtZO.tn.9VFUu6', 1, 'Muhammad Fikri Kurniawan'),
	(904, '02511540000061', '$2y$10$Oa/1pesVCLmm/8yzaMGIwuAFol6.ZON8oJLTy2V/wlFK40xEAsfNq', 1, 'Abim Sebastyantito'),
	(905, '02511540000062', '$2y$10$DaTlIiQ/51kuoueWuSeZWeiDiv/KUKH5oKLq4treEsmqyMEoNaDt2', 1, 'Musthofa'),
	(906, '02511540000063', '$2y$10$Cm7iv/YOnvNfTClGZWMyaeBLa88gonuBl/iRLHRYv7Hc9bGyi0gU6', 1, 'Retno Ambarwasih'),
	(907, '02511540000064', '$2y$10$x8CTYpYyyVKwxVBW3XvcOuudnM8JjDAOaKkGrL2wszw4gQzCBygYK', 1, 'Putro Bakti Utomo'),
	(908, '02511540000066', '$2y$10$v0pvqH9ctZ8ZqUCr./nVkOc6EyOJm9OYbMAqFvebWDJhXzXzE5zs6', 1, 'Mukhammad Khoirul Umam'),
	(909, '02511540000067', '$2y$10$G1MuvorsW1RB82ZBNfgQtuLQh05R.jLeXpiGI.7UBbzzCStpbS256', 1, 'Mochamad Puji Widodo'),
	(910, '02511540000068', '$2y$10$JnBp3sGLCKIOqU/bPummE.H3EWTG/CfR.rGd0gOoWPtiSD8bmewI2', 1, 'Yohannes Gabriel Adven Christy Maharsiputra'),
	(911, '02511540000069', '$2y$10$gjO8qQuTsf4xoPlX9ItWC.GhVCcjwNfcdXCXAf/HCH6/Qv25ofR5O', 1, 'BAYUZEN AHMAD'),
	(912, '02511540000070', '$2y$10$lbysoNMRJpHf0ZK8S9N/Ae71f9czUO1ZTcy4QWfpviZjInyNMXTRe', 1, 'ZAID SULAIMAN'),
	(913, '02511540000073', '$2y$10$gXKlSG289A..BuPglcu6L.x4AW74tpmLqzVuR6nyhELnQNTzjIfm2', 1, 'ABU MUSLIM ALJAUHARI'),
	(914, '02511540000074', '$2y$10$6wRjJuT3e.ax6S2DJ2xUXebFqZt3i3nFGekDGf7baytQI2jtKWcQu', 1, 'ILHAM TAUFIQURRAHMAN UNTORO'),
	(915, '02511540000075', '$2y$10$sbc4gfDSY7MAK.4fajEbcubldfLlFsU1Vvcvzng1VDg5KKI9r8152', 1, 'AM. BAYU DEWANTARA'),
	(916, '02511540000078', '$2y$10$un/N02XgLjwqLOINYcct/urgvlCTVMSmtx16zM46IQBFAbrXLlt12', 1, 'AHMAD MUHAYAT'),
	(917, '02511540000079', '$2y$10$PTG0w1GcBQaB6QnmWiQd9OXwW9tN6anmgM.VRIUUD9KWX7ACpIhRa', 1, 'FIRDOS NUR FADILLAH'),
	(918, '02511540000080', '$2y$10$Agh9yrfHwDAhUgO6zq.c7.rp0FGNGXbXlyM4lpUInQ1UY9ezU6pFS', 1, 'MUHAMMAD BAKHTIAR'),
	(919, '02511540000082', '$2y$10$LhVMGm3iHCfY0aCYcUR.I.rVtbG0YrRfKnNelqzKE52ND0j.X95zG', 1, 'RAFIIANDY EL FURQON'),
	(920, '02511540000083', '$2y$10$Qj.tMHtN588mvdinUy9y5uz20bTrhxn.qgBqKRj8cX1UEo/sYgty2', 1, 'BINTANG PUTRA ANGGARA'),
	(921, '02511540000084', '$2y$10$io.7.SZ.naBUzvzl6g6V/OZSy5Nd8oxOFdVSPd4u2G0aQ.xKbfTvW', 1, 'KEVIN ADDERY'),
	(922, '02511540000085', '$2y$10$ed7Go83heflwNAUGH/y.t.NNIlEkyyxOBZ0edTpfUFWP4SmtJ9oQu', 1, 'MUHAMMAD ILHAM YOESSA'),
	(923, '02511540000086', '$2y$10$8XjYDBu9zSlrAbng2qZN9OUb8v13DuxUbhUkEhAYOigza1IOyXgbO', 1, 'YANUARDI IBADILLAH'),
	(924, '02511540000089', '$2y$10$49OX926m7DsGbjyEUJsohOjTNxP1U1iCYODZUqynWTQ31wl.E2CRa', 1, 'FAISAL FAHMY SULISTYA'),
	(925, '02511540000092', '$2y$10$p7g2Z3kaG1t9uw2vcS91.eGtr7NkTAaKiA3nv71JzWAZRQdDHr232', 1, 'NIMBA SHARON LANDE'),
	(926, '02511540000093', '$2y$10$tyuoDCPzeK6W4IUsGifWJOed00TbAUSDsSjEqHC/C/gz5j4z4ltnW', 1, 'KHARISMA PUTRA ANURA'),
	(927, '02511540000094', '$2y$10$sArF3eKXstBn0zFpzphom.MdG3kDX5pWeXqFxL2nyaqkFa5xrRf0.', 1, 'ARYO SENO WASISTO'),
	(928, '02511540000097', '$2y$10$a2l845G9Zk.pfocXxNpVluaVcg5IZVNOfRQTWvq2D2QwB8tvcSkei', 1, 'MOHAMMAD RIZKY SEPTIAWAN'),
	(929, '02511540000100', '$2y$10$O3BnQeb2UaVprLnSgQy49e1jh7lnMQ2tYAd9kqqBGeigJ2cQovOKe', 1, 'HELMI SON HAJI'),
	(930, '02511540000101', '$2y$10$Qz9ybCzUvf5MDb0azIdFTuL9803poG4nim3Bo57jdCVW9xT7tfOlS', 1, 'MOHD. PRIYHAN ADELMA'),
	(931, '02511540000102', '$2y$10$ZGN2gX/FWTNS9DJGXAX7BOpP2PuWYrYlEtgMkObtEej43czzdSSM.', 1, 'YOHANNES MARUDUT TUA SILAEN'),
	(932, '02511540000106', '$2y$10$KyIlTNX11yyJbgwI2yBQsOGmWaLebIpDUEiZHGuOXIbrgHUly1c3q', 1, 'HABLI MASYAHID'),
	(933, '02511540000107', '$2y$10$Ukt4vRK4WmmgpZA5O5H3qe5n3au/XjSah6p5AD7/kXF15XIrEQ/W2', 1, 'AZHARUDDIN FAUZI'),
	(934, '02511540000108', '$2y$10$93Vugi6/uA81wLV.4RWqfOJY/rawq1rNoiCGJ4Vib63hihVyxFWxu', 1, 'NABIL MUSYAFFA`'),
	(935, '02511540000109', '$2y$10$yTOFxl/Xxwq4qV2zJWPOpuvOdAdPe/R8DpS.Sz1XorAReCmTdzK.6', 1, 'MUHAMMAD IHSAN PRAYOGO'),
	(936, '02511540000110', '$2y$10$9D5twPE/44AuaeJx5gUQ3eCqww9Io0zZIfAvChYIhS.pl7KO4pgJK', 1, 'SALMA HALIMAH'),
	(937, '02511540000111', '$2y$10$y0o9P/DOEP8YyPhDOhxptOduiUQo7LdAuX7T3vfmLOsFKavWRSysW', 1, 'IFTHAR MUHAMMAD GHAZY'),
	(938, '02511540000113', '$2y$10$XNIM8WnuxGy2ndELZ0LNleBeFVLuD7n/tJq7vE9M1pNzxixaA26k2', 1, 'ULA CHARIR ANJANI'),
	(939, '02511540000115', '$2y$10$qiESbQCNGVHWorqPU.k9o.EYP1QR4LUhxAKpVg1v00dGsKqntNGRe', 1, 'REZA ADITYA NUGRAHA'),
	(940, '02511540000116', '$2y$10$MnaaK8QhEhjRvjMfuGBRw.2T2Hhwb8ByS7gHH6fnFtGz4uIog9cm6', 1, 'MUHAMMAD RIZQI RAMADHAN'),
	(941, '02511540000117', '$2y$10$hhvMWdkf/POFa3lgbLJN/.LtbI0Dgxm5XrZ59JaYiAcQFXu7PX6Xi', 1, 'REMY MAULINDA R S'),
	(942, '02511540000119', '$2y$10$yug1Y0H4cYsQXWez0A/R8eyEvReAPaXDJgJMtzCYOnl.OoolFO9s.', 1, 'BAGAS RADITYA PUTRA'),
	(943, '02511540000121', '$2y$10$DPYySV5qeRr668ZHO9BIXO/o1t94za5rMr28JBrGpbNGK28ESipsK', 1, 'I MADE ARYAMA SATYAWAN'),
	(944, '02511540000122', '$2y$10$MkA9bdkmoJN/r6Uk7P7QHuUBHUFA5ktHRyj2nSTR3yUrI/DwF6QOK', 1, 'ARFIANSYAH'),
	(945, '02511540000123', '$2y$10$ZXdm.C0vleFaXzjJCd.YsuuuEMTiMp1qJHWIc82CY1eE3flMsMUzy', 1, 'UWAISUL QARNI'),
	(946, '02511540000126', '$2y$10$QjJ.H.ZzB9aX48wj9n3awuMWawleu0OsQmf0oUcbmneu7iBFxw3dG', 1, 'ERWIN YOLANDA DWI SYAPUTRA'),
	(947, '02511540000128', '$2y$10$7A8NehFkDKKMsz2ngjLGE.rRElFmj2v3aZvBCOmB8qIMeEptQOdQC', 1, 'MUHAMMAD HERDIADI'),
	(948, '02511540000129', '$2y$10$kaJoZVUbqllEeGOwQQF4qevM7KT4CgpUpz.jGedIsLYObjXs7Ckym', 1, 'MUHAMMAD RIZAL AFIF'),
	(949, '02511540000134', '$2y$10$ODDz9RcrYcvgSn1XCl5B8eD98Fjb8wcJGz6qjXxsrLuW.jJJNHIeO', 1, 'MUHAMMAD IKHSAN A'),
	(950, '02511540000136', '$2y$10$52zfGGpCI6yXYB0km.7JRuGv129ueZwFgJ6EMsZ3oDGqia6FnnVg2', 1, 'RAIHAN ABRAR RABBANI'),
	(951, '02511540000137', '$2y$10$XPK0yCRTVUHwjUBDCnS3A.hDqbhpHPZeo1t7h1m1Zeqrky8KFoCzy', 1, 'BAYU AJI PRAKOSO'),
	(952, '02511540000139', '$2y$10$CjAz9xwE/h5nnzAMc7/M1.7g0auwC68vSUpTmSPA0oVoXolGQA0U6', 1, 'MUHAMMAD RAZKAN ADLI'),
	(953, '02511540000140', '$2y$10$YfMorBVt9EBKA31sPggR5eSFXusCt0qf6Bf5hxd4DJwBrNP5AXSJe', 1, 'EZEKIEL ADITYA'),
	(954, '02511540000141', '$2y$10$qbtmLXg8PytKAKz1MKVCWeDzyl79xgGWkIam0jPEXGeds2qQqLQFy', 1, 'JONATHAN ARTHUR PARDAMEAN SITU'),
	(955, '02511540000142', '$2y$10$xAqBV70CfMHIQTgzm3PKpu33mdNSiJgt/tw8LCvw6mVhjM1s1Iiq6', 1, 'HILMAN RASYAD'),
	(978, '196203261987011001', '$2y$10$DYTWVUQ8sFhUQ19EME4A.e9w3.kxzet30t9P5ip6YSMBGrprGv7vK', 2, 'Prof. Dr. Ir. Sulistijono, DEA'),
	(979, '195709241986031002', '$2y$10$Pa7iiUU2uECYHaw8A5M4BumfmG4slLg6eqQ/axs9vyZ3VJj7H10za', 2, 'Ir. Moh. Farid, DEA'),
	(980, '195809101986031002', '$2y$10$MOxMW7hfyqhFz.V4YY4DyeCMrgqBSJUaN/ZPDD8seYruJkG0nn6pS', 2, 'Ir. Rochman Rochiem, M.Sc'),
	(981, '196809302000031001', '$2y$10$TaA65CbiUrVsJ7o63KAdDOIxVcJGvxpMu.LtZ8yQb7Ly0hmbJPWQu', 2, 'Dr. Sungging Pintowantoro, ST. MT'),
	(982, '197701162003122007', '$2y$10$Adn8lKGwq5Biymk6vLrlQeNFgsfVFn.0GNFYYHkYQfOUUZSXaJ9SC', 2, 'Dr. Diah Susanti, ST. MT'),
	(983, '197801132002121003', '$2y$10$s0BN.IlpppYI/ls97ew2Gelo231IZD441nnFqTTRBGJ/QvGsuTFdy', 2, 'Dr. Sigit Tri Wicaksono, S.Si, M.Si'),
	(984, '197605282002121003', '$2y$10$oI/Eoj8NOUUnR43qyA/6BOHasMl.YPz8LomyPGosv9Ch2xAyF2zUC', 2, 'Dr. Agung Purniawan, ST, M.Eng'),
	(985, '197604102002121002', '$2y$10$oxOMr1LQ1gN8NSQZRBQ1berumn284lMDIQ3Cgc5jB3NEJa3Wrc3iu', 2, 'Budi Agung Kurniawan, ST, MSc'),
	(986, '197703132003121001', '$2y$10$nPnf8oDVBOQOUwM85Lb2pu/nBhV2yLT9pdunJzvqaZSG47h.Wa.wm', 2, 'Dr. Lukman Noerochiem, ST, MSc.Eng'),
	(987, '197610272003121001', '$2y$10$R04a.n1bYrJ3ih2e0E5QHONgBV6fAntgK8HABIymN8cy2LPV5//2a', 2, 'Mas Irfan P. Hidayat, ST., M.Sc., Ph.D'),
	(989, '198012072005011004', '$2y$10$0BiVbvcHDfm.GWghyeSsKOWNfyAU9DYNvBXnc4kFiPGCO2ndT1Pvi', 2, 'Dr. Eng. Hosta Ardhyananta, ST, M.Sc'),
	(990, '197906202006042001', '$2y$10$ezylzPRMEO4vq6tfG1x1YuHHH/dwoL2Rscz5mwzgXCVGczZnH0yTC', 2, 'Dr. Widyastuti, S.Si, M.Si'),
	(991, '198205262012121002', '$2y$10$G7viEBA04wiQJD5aJWomNu3M01w19Wb3GBWssVw9lr0Okh59FBbxS', 2, 'Tubagus Noor R. ST., M.Sc'),
	(992, '198303252014041001', '$2y$10$W6beMvOIrq6Vz0rbdP96OO6Z0rwPXlBo6dWSbLhgPIfbdIT6d/bTG', 2, 'Wikan Jatimurti, ST. M.Sc'),
	(993, '198405152014042003', '$2y$10$4U8TivbEqd4.d8TSpKPY/u6dPfJYld/nsBUlrm6epJzB24wpYZwKW', 2, 'Dian Mughni F, ST. M.Sc'),
	(994, '199007262015041002', '$2y$10$bWsVT8XuH.5s.8mXg1j8K.T8sgG4MPNX68tF7mBguQaZ5ezH8xcba', 2, 'Haniffudin Nurdiansah, ST., MT'),
	(995, '199102172015041002', '$2y$10$iOXxsOkhZXRyu18wSqZCnOeZuOHljgtM/vQuL12a4U8bhRJIJPq7C', 2, 'Fakhreza Abdul, ST., MT'),
	(996, '199106092015041001', '$2y$10$pv.W3/oLJeQOs2f2tBnHN.e8Omi58uhqTCErzgbY7RMM.QUXVtbxS', 2, 'Alvian Toto Wibisono, ST., MT'),
	(997, '198805012019031008', '$2y$10$W28QH5vtfSPAGxoDRDvwteN0aFxN6Xqhi/ATafIzYSn.E76FtG/ka', 2, 'Mavindra Ramadhani, ST, MT'),
	(999, '198707072018032001', '$2y$10$BoH2kbe7QzhtQ8KWkGM3CesVpZCI3tYfDsV/bnFUBG2keH6KrfZJu', 2, 'Amaliya Rasyida, S.T., M.Sc'),
	(1001, '194707171978031001', '$2y$10$YIt7FdfxO.lsPqdtfTMqZuPv9BmsK8OPMF.3ynv5/.nFCakOnocWu', 2, 'Ir. Muchtar Karokaro, MSc'),
	(1002, '194712111974121001', '$2y$10$wZZANm6M54Swesktvozfk.AX1GG7hRiAfj1JbNKhX9n1EnD50I4kW', 2, 'Ir. Sadino, MT'),
	(1003, '000000000130532034', '$2y$10$qm4qUiB3knsSFGwCxw1CC.dyAL8vtD5UjH0xUPNqldG47.72kwhou', 2, 'Ir. Wahid Suherman'),
	(1004, '197907242005012003', '$2y$10$IMiD8lmVpGlwhgjyWc4P5OjqgicbfNaIQNJJSQ0VRv57aJTn28VNS', 2, 'Yuli Setiyorini, ST, M.Phil, Ph.D'),
	(1005, '000001989201812021', '$2y$10$IBP3fP4uG4h6e5/YT96Va.9..2qNBPOry3MxCHv3kRsZj/TWF.CuC', 2, 'Vania Mitha Pratiwi, ST, MT');
/*!40000 ALTER TABLE `user` ENABLE KEYS */;

/*!40101 SET SQL_MODE=IFNULL(@OLD_SQL_MODE, '') */;
/*!40014 SET FOREIGN_KEY_CHECKS=IF(@OLD_FOREIGN_KEY_CHECKS IS NULL, 1, @OLD_FOREIGN_KEY_CHECKS) */;
/*!40101 SET CHARACTER_SET_CLIENT=@OLD_CHARACTER_SET_CLIENT */;
